SRC_ID	TGT_ID	SRC_LANG	TGT_LANG	SRC_SENT	TGT_SENT	PRED	GOOGLETRANSLATE
21678	4784802	eng	kan	Do you remember?	ನಿಮಗೆ ನೆನಪು ಇದ್ಯಾ?	ನಿಮಗೆ ನೆನಪಿದೆಯೇ?	ನಿನಗೆ ನೆನಪಿದೆಯಾ?
22638	4775427	eng	kan	We were caught in a storm.	ನಾವು ಬಿರುಗಾಳಿಯಿಂದ ಸಿಕ್ಕಿಹಾಕಿಕೊಳ್ಳಿದ್ದೆವಿ.	ನಾವು ಚಂಡಮಾರುತದಲ್ಲಿ ಸಿಕ್ಕಿಬಿದ್ದಿದ್ದೇವೆ.	ನಾವು ಒಂದು ಚಂಡಮಾರುತದ ಸಿಲುಕಿದರು.
23860	4776872	eng	kan	Don't forget to put out the fire.	ಬೆಂಕಿಯನ್ನು ನಂದಿಸುವುದಕ್ಕೆ ಮರೆಯಬೇಡಿ.	ಬೆಂಕಿಯನ್ನು ಹೊರಹಾಕಲು ಮರೆಯಬೇಡಿ.	ಬೆಂಕಿ ಆರಿಸಲು ಮರೆಯಬೇಡಿ.
25164	8902986	eng	kan	What's up?	ಆರಾಮಾ?	ಏನಿದೆ?	ಎನ್ ಸಮಾಚಾರ?
27516	4783909	eng	kan	Can you speak English at all?	ನಿಮಗೆ ಆಂಗ್ಲಭಾಷೆಯನ್ನು ಮಾತಾಡುವುದಕ್ಕೆ ಬರತ್ತಾ?	ನೀವು ಇಂಗ್ಲಿಷ್ ಮಾತನಾಡಬಹುದೇ?	ನೀವು ಇಂಗ್ಲೀಷ್ ಮಾತನಾಡಲು ಸಾಧ್ಯವಿಲ್ಲ?
32654	4784801	eng	kan	I've never been to Paris.	ನಾನು ಪ್ಯಾರಿಸಿಗೆ ಎಂದಿಗೂ ಹೋಗಿಲ್ಲ.	ನಾನು ಎಂದಿಗೂ ಪ್ಯಾರಿಸ್ ಗೆ ಹೋಗಿಲ್ಲ.	ನಾನು ಪ್ಯಾರಿಸ್ಗೆ ಎಂದಿಗೂ ಮಾಡಿದ.
35958	4783956	eng	kan	She will be relocated to New Zealand.	ಅವಳನ್ನು ನ್ಯೂ ಜಿಲಂಡಿಗೆ ಸ್ಥಳಾಂತರಿಸುತ್ತಾರೆ.	ಅವಳನ್ನು ನ್ಯೂಜಿಲೆಂಡ್ ಗೆ ಸ್ಥಳಾಂತರಿಸಲಾಗುವುದು.	ಅವರು ನ್ಯೂಜಿಲ್ಯಾಂಡ್ ಸ್ಥಳಾಂತರಗೊಂಡರು ನಡೆಯಲಿದೆ.
38003	4784782	eng	kan	One of us will have to go.	ನಮ್ಮಲ್ಲಿ ಒಬ್ಬರು ಹೋಗಲೇ ಬೇಕಾಗುತ್ತದೆ.	ನಮ್ಮಲ್ಲಿ ಒಬ್ಬರು ಹೋಗಬೇಕಾಗುತ್ತದೆ.	ನಮಗೆ ಒಂದು ಹೋಗಬೇಕಾಗುತ್ತದೆ.
38191	4774616	eng	kan	Where can dollars be exchanged for pounds?	ಎಲ್ಲಿ ಡಾಲರ್ಗಳನ್ನು ಪೌಂಡ್ಸ್ಗೆ ಬದಲಾಯಿಸಬಹುದು?	ಪೌಂಡ್ಗಳಿಗೆ ಡಾಲರ್ಗಳನ್ನು ಎಲ್ಲಿ ವಿನಿಮಯ ಮಾಡಿಕೊಳ್ಳಬಹುದು?	ಎಲ್ಲಿ ಡಾಲರ್ ಪೌಂಡ್ ವಿನಿಮಯ ಮಾಡಬಹುದಾದ?
41838	4783936	eng	kan	Put it back where you got it from.	ಇದನ್ನು ಎಲ್ಲಿ ಸಿಕ್ಕಿತ್ತೋ ಅಲ್ಲೇ ಇಡು.	ನೀವು ಅದನ್ನು ಎಲ್ಲಿಂದ ಪಡೆದುಕೊಂಡಿದ್ದೀರಿ.	ನೀವು ಅರ್ಥವಾಯಿತು ಅಲ್ಲಿ ಮತ್ತೆ ಹಾಕಲು.
42939	8903002	eng	kan	What do you think about it?	ನಿಮಗೆ ಏನು ಅನ್ನಿಸುತ್ತೆ	ಅದರ ಬಗ್ಗೆ ನೀವು ಏನು ಯೋಚಿಸುತ್ತೀರಿ?	ಇದರ ಬಗ್ಗೆ ನಿನಗೆ ಏನು ಅನ್ನಿಸುತ್ತದೆ?
43928	4776859	eng	kan	Where is the book?	ಪುಸ್ತಕ ಎಲ್ಲಿದೆ?	ಪುಸ್ತಕ ಎಲ್ಲಿದೆ?	ಪುಸ್ತಕ ಎಲ್ಲಿ?
47105	4788530	eng	kan	The accident caused a traffic jam.	ಅಪಘಾತದ ಕಾರಣದಿಂದ ಸಂಚಾರ ಸ್ತಂಭನ ಇತ್ತು.	ಅಪಘಾತಕ್ಕೆ ಟ್ರಾಫಿಕ್ ಜಾಮ್ ಉಂಟಾಯಿತು.	ಅಪಘಾತದಲ್ಲಿ ಟ್ರಾಫಿಕ್ ಜಾಮ್ ಉಂಟಾಗುತ್ತದೆ.
54438	4774187	eng	kan	Let me know your departure in advance.	ನಿಮ್ಮ ನಿರ್ಗಮನದ ಬಗ್ಗೆ ಮೊದಲೇ ನನಗೆ ತಿಳಿಸಿರಿ.	ನಿಮ್ಮ ನಿರ್ಗಮನವನ್ನು ಮುಂದೆ ನನಗೆ ತಿಳಿಸಿ.	ನನ್ನ ಮುಂಚಿತವಾಗಿ ನಿಮ್ಮ ನಿರ್ಗಮಿಸುವ ತಿಳಿಸಿ.
54503	8902990	eng	kan	How's your family?	ನಿಮ್ಮ ಮನೇಲಿ ಹೆಂಗಿದ್ದಾರೆ	ನಿಮ್ಮ ಕುಟುಂಬ ಹೇಗಿದೆ?	ನಿಮ್ಮ ಕುಟುಂಬ ಇಲ್ಲಿದೆ?
55399	4082799	eng	kan	This is a book.	ಇದು ಪುಸ್ತಕ.	ಇದು ಪುಸ್ತಕ.	ಇದು ಪುಸ್ತಕ.
57328	4774671	eng	kan	This room looks like a pigsty.	ಈ ಕೊಠಡಿ ಹಂದಿಮನೆ ತರಹ ಇದೆ.	ಈ ಕೋಣೆ ಹಂದಿಮಾಂಸದಂತೆ ಕಾಣುತ್ತದೆ.	ಈ ಕೋಣೆಯಲ್ಲಿ ಒಂದು pigsty ತೋರುತ್ತಿದೆ.
61911	5387062	eng	kan	What's going on here?	ಇಲ್ಲಿ ಏನು ನಡಿತಾಯಿದೆ?	ಇಲ್ಲಿ ಏನು ನಡೆಯುತ್ತಿದೆ?	ಇಲ್ಲಿ ಏನು ನಡೆಯುತ್ತಿದೆ?
63656	4774670	eng	kan	The couple posed for the photograph.	ಜೋಡಿ ಇಬ್ಬರು ಫೋಟೋಗೆ ನಿಲ್ಲಿದರು.	ದಂಪತಿ.ಾಯಾಚಿತ್ರಕ್ಕಾಗಿ ಪೋಸ್ ಮಾಡಿದ್ದಾರೆ.	ಒಂದೆರಡು ಛಾಯಾಚಿತ್ರಕ್ಕಾಗಿ ಒಡ್ಡಿದ.
70587	4776816	eng	kan	Would you mind my moving your car?	ನಿಮಗೆ ತೊಂದರೆ ಇಲ್ಲವೆಂದರೆ ನಿಮ್ಮ ಕಾರನ್ನು ಜರಗಿಸುತ್ತೀರಾ?	ನಾನು ನಿಮ್ಮ ಕಾರನ್ನು ಚಲಾಯಿಸಲು ನೀವು ಮನಸ್ಸು ಮಾಡುತ್ತೀರಾ?	ನೀವು ನನ್ನ ನಿಮ್ಮ ಕಾರು ಚಲಿಸುವ ಮನಸ್ಸಿಗೆ ಬಯಸುವಿರಾ?
72812	4776797	eng	kan	They have announced their engagement.	ಅವರು ಅವರ ನಿಶ್ಚಿತಾರ್ಥದವನ್ನು ಪ್ರಕಟಿಸಿದ್ದಾರೆ.	ಅವರು ತಮ್ಮ ನಿಶ್ಚಿತಾರ್ಥ ಘೋಷಿಸಿದ್ದಾರೆ.	ಅವರು ತಮ್ಮ ನಿಶ್ಚಿತಾರ್ಥವನ್ನು ಘೋಷಿಸಿವೆ.
237698	4784822	eng	kan	I believe in you.	ನಾನು ನಿನ್ನ ಮೇಲೆ ನಂಬಿಕೆ ಇಟ್ಟಿದ್ದೇನೆ.	ನಾನು ನಿಮ್ಮನ್ನು ನಂಬುತ್ತೇನೆ.	ನಾನು ನಂಬಿಕೆ.
241168	4784821	eng	kan	She was very bored during the lecture.	ಪ್ರವಚನ ನಡೆಯುತ್ತಿರುವಾಗ ನನಗೆ ತುಂಬಾ ಬೇಸರವಾಗಿತ್ತು.	ಅವಳು ಉಪನ್ಯಾಸದ ಸಮಯದಲ್ಲಿ ತುಂಬಾ ಬೇಸರಗೊಂಡಿದ್ದಳು.	ಅವಳು ತುಂಬಾ ಉಪನ್ಯಾಸದ ಸಂದರ್ಭದಲ್ಲಿ ಬೇಸರ.
243101	4783913	eng	kan	There are many new programs to watch this spring.	ಬರುವ ವಸಂತಕಾಲದಲ್ಲಿ ನೋಡುವುದಕ್ಕೆ ಹಲವರು ಕಾರ್ಯಕ್ರಮಗಳು ಇವೆ.	ಈ ವಸಂತವನ್ನು ವೀಕ್ಷಿಸಲು ಹಲವು ಹೊಸ ಕಾರ್ಯಕ್ರಮಗಳಿವೆ.	ಈ ವಸಂತ ವೀಕ್ಷಿಸಲು ಅನೇಕ ಹೊಸ ಕಾರ್ಯಕ್ರಮಗಳನ್ನು ನಡೆಸಲಾಗುತ್ತಿದೆ.
251611	4776847	eng	kan	My father and my brother work in this factory.	ನನ್ನ ತಂದೆ ಹಾಗು ನನ್ನ ಅಣ್ಣ ಈ ಕಾರ್ಖಾನೆಯಲ್ಲಿ ಕೆಲಸ ಮಾಡುತ್ತಾರೆ.	ನನ್ನ ತಂದೆ ಮತ್ತು ನನ್ನ ಸಹೋದರ ಈ ಕಾರ್ಖಾನೆಯಲ್ಲಿ ಕೆಲಸ ಮಾಡುತ್ತಾರೆ.	ನನ್ನ ತಂದೆ ಮತ್ತು ಈ ಕಾರ್ಖಾನೆಯಲ್ಲಿ ನನ್ನ ಸಹೋದರ ಕೆಲಸ.
255488	4776456	eng	kan	I traveled by myself.	ನಾನು ಒಂಟಿಯಾಗಿ ಪಯಣ ಮಾಡಿದೆ.	ನಾನು ನನ್ನ ಮೂಲಕ ಪ್ರಯಾಣಿಸಿದೆ.	ನಾನು ಮೂಲಕ ಪ್ರಯಾಣಿಸಿದರು.
258409	4783945	eng	kan	I have enough money to buy a car.	ನನಗೆ ಕಾರನ್ನು ಖರೀದಿಸುವುದಕ್ಕೆ ಸಾಕಷ್ಟು ಹಣವಿದೆ.	ಕಾರು ಖರೀದಿಸಲು ನನಗೆ ಸಾಕಷ್ಟು ಹಣವಿದೆ.	ನಾನು ಒಂದು ಕಾರು ಖರೀದಿಸಲು ಹಣ ಹೊಂದಿವೆ.
259383	4784815	eng	kan	I made sure that no one was watching.	ಯಾರೂ ನೋಡುತ್ತಿರಲಿಲ್ಲವೆಂದು ನಾನು ಖಚಿತಪಡಿಸಿಕೊಂಡೆ.	ಯಾರೂ ನೋಡುತ್ತಿಲ್ಲ ಎಂದು ನಾನು ಖಚಿತಪಡಿಸಿಕೊಂಡೆ.	ನಾನು ಖಚಿತವಾಗಿ ಯಾರೂ ವೀಕ್ಷಿಸಿದ್ದರು ಎಂದು ಮಾಡಿದ.
259790	4776803	eng	kan	I'm getting better every day.	ಪ್ರತಿದಿನ ನಾನು ಸುಧಾರಿಸುತ್ತಿದ್ದೇನೆ.	ನಾನು ಪ್ರತಿದಿನ ಉತ್ತಮವಾಗಿದ್ದೇನೆ.	ನಾನು ಪ್ರತಿ ದಿನ ಉತ್ತಮ ಪಡೆದಿದ್ದೇನೆ.
263708	4774736	eng	kan	The cause of the accident is unknown.	ಅಪಘಾತದ ಕಾರಣವೇ ಗೊತ್ತಿಲ್ಲ.	ಅಪಘಾತದ ಕಾರಣ ತಿಳಿದಿಲ್ಲ.	ಅಪಘಾತದ ಕಾರಣ ತಿಳಿದಿಲ್ಲ.
271741	4776782	eng	kan	Have you ever eaten raw fish?	ನೀವು ಯಾವಾಗಲಾದರೂ ಕಚ್ಚಾ ಮೀನು ತಿಂದಿದ್ದೀರಾ?	ನೀವು ಎಂದಾದರೂ ಕಚ್ಚಾ ಮೀನು ತಿನ್ನಿದ್ದೀರಾ?	ನೀವು ಎಂದಾದರೂ ಹಸಿ ಮೀನು ತಿನ್ನುತ್ತಿದ್ದ?
273302	4775502	eng	kan	The war is still going on.	ಯುದ್ಧ ಇನ್ನೂ ನಡೆಯುತ್ತಿದೆ.	ಯುದ್ಧವು ಇನ್ನೂ ನಡೆಯುತ್ತಿದೆ.	ಯುದ್ಧವು ಮುಂದುವರೆಯುತ್ತಿದ್ದರೂ ಇದೆ.
283524	4783917	eng	kan	It was because he was sick that he decided to return home.	ಅವನಿಗೆ ಹುಷಾರು ಇರಲಿಲ್ಲ ಅಂತ ಅವನು ಮನಗೆ ವಾಪಸ್ಸು ಬರವುದಕ್ಕೆ ನಿರ್ದರಿಸಿದ.	ಏಕೆಂದರೆ ಅವರು ಮನೆಗೆ ಹಿಂದಿರುಗಲು ನಿರ್ಧರಿಸಿದ್ದಾರೆ ಎಂದು ಅವರು ಅನಾರೋಗ್ಯದಿಂದ ಬಳಲುತ್ತಿದ್ದರು.	ಅವರು ವಾಪಸಾಗಬೇಕಾಯಿತು ನಿರ್ಧರಿಸಿದ್ದಾರೆ ಎಂದು ಅನಾರೋಗ್ಯ ಕಾರಣ ಇದು.
288595	4783920	eng	kan	He arrived at the station at five.	ಅವನು ಠಾಣೆಗೆ ಐದು ಗಂಟೆಗೆ ತಲುಪಿದ.	ಅವರು ಐದಕ್ಕೆ ನಿಲ್ದಾಣಕ್ಕೆ ಆಗಮಿಸಿದರು.	ಅವರು ಐದು ನಲ್ಲಿ ನಿಲ್ದಾಣದಲ್ಲಿ ಬಂದಿಳಿದ.
291092	4774755	eng	kan	He swam across the river.	ಅವನು ನದಿ ಅಡ್ಡಲಾಗಿ ಈಜಿದನು.	ಅವನು ನದಿಯ ಅಡ್ಡಲಾಗಿ ಚಲಿಸುತ್ತಾನೆ.	ಅವರು ನದಿಗೆ ಅಡ್ಡಲಾಗಿ ಈಜುತ್ತಿದ್ದವಾದರೂ.
291525	4774645	eng	kan	He couldn't keep his temper any longer.	ಜಾಸ್ತಿ ಹೊತ್ತು ಅವನಿಗೆ ಅವನ ಕೋಪ ತಡೆಯುವುದಕ್ಕೆ ಆಗಲಿಲ್ಲ.	ಅವನಿಗೆ ಇನ್ನು ಮುಂದೆ ತನ್ನ ಕೋಪವನ್ನು ಇಟ್ಟುಕೊಳ್ಳಲು ಸಾಧ್ಯವಾಗಲಿಲ್ಲ.	ಅವರು ಯಾವುದೇ ಮುಂದೆ ತನ್ನ ಉದ್ವೇಗವನ್ನು ಹಿಡಿತದಲ್ಲಿಟ್ಟುಕೊಂಡು ಸಾಧ್ಯವಾಗಲಿಲ್ಲ.
293914	4774611	eng	kan	From a movie star he became a statesman.	ಚಲನ ಚಿತ್ರ ತಾರೆಯಿಂದ ಅವರು ರಾಜನೀತಿಜ್ಞರಾಗಿದರು.	ಚಿತ್ರದಿಂದಲೇ ಅವರು ರಾಜ್ಯಪಾಲರಾಗಿದ್ದರು.	ಚಿತ್ರ ತಾರೆ ಅವರು ರಾಜನೀತಿಜ್ಞ ಆಯಿತು.
297088	4774758	eng	kan	He had an accident at work.	ಕೆಲಸದಲ್ಲಿ ಅವನಿಗೆ ಅಪಘಾತವಾಯಿತು.	ಅವರು ಕೆಲಸದಲ್ಲಿ ಅಪಘಾತ ಹೊಂದಿದ್ದರು.	ಅವರು ಕೆಲಸ ಅಪಘಾತ ಹೊಂದಿತ್ತು.
303926	4776869	eng	kan	He goes abroad every year.	ಪ್ರತಿವರ್ಷ ಅವನು ವಿದೇಶಕ್ಕೆ ಹೋಗುತ್ತಾನೆ.	ಅವರು ಪ್ರತಿ ವರ್ಷ ವಿದೇಶಕ್ಕೆ ಹೋಗುತ್ತಾರೆ.	ಅವರು ಪ್ರತಿ ವರ್ಷ ವಿದೇಶದಲ್ಲಿ ಹೋಗುತ್ತದೆ.
304024	4776786	eng	kan	He bought his daughter a new dress.	ಅವನು ಅವನ ಮಗಳಿಗೆ ಹೊಸ ಬಟ್ಟೆಯನ್ನು ಖರೀದಿಸಿದನು.	ಅವರು ತನ್ನ ಮಗಳನ್ನು ಹೊಸ ಉಡುಗೆ ಖರೀದಿಸಿದರು.	ತಮ್ಮ ಮಗಳು ಹೊಸ ಉಡುಗೆ ಖರೀದಿಸಿತು.
305806	4776863	eng	kan	They failed to fulfill the conditions.	ಅವರು ನಿಯಮಗಳನ್ನು ನೇರವೇರಿಸುವುದಕ್ಕೆ ಆಗಲಿಲ್ಲ.	ಅವರು ಪರಿಸ್ಥಿತಿಗಳನ್ನು ಪೂರೈಸಲು ವಿಫಲರಾದರು.	ಅವರು ಷರತ್ತುಗಳನ್ನು ಪೂರೈಸಲು ವಿಫಲವಾಗಿದೆ.
306934	4776823	eng	kan	They caught sight of the man among the crowd of people.	ಅವರು ಜನಸಮೊಹದ ನಡುವೆ ಅವನನ್ನು ಕಂಡಿದರು.	ಅವರು ಜನರ ಗುಂಪು ನಡುವೆ ಮನುಷ್ಯನ ದೃಷ್ಟಿ ಸೆಳೆದರು.	ಅವರು ಜನರ ಪ್ರೇಕ್ಷಕರ ನಡುವೆ ಮನುಷ್ಯನ ದೃಷ್ಟಿಯಲ್ಲಿ ಸೆಳೆಯಿತು.
310061	4776870	eng	kan	She got married in her teens.	ಅವಳು ಹದಿವಯಸ್ಸಿನಲ್ಲಿ ಮದುವೆಯಾಗಿದಳು.	ಅವಳು ತನ್ನ ಹದಿನೈದರಲ್ಲಿ ಮದುವೆಯಾದಳು.	ತನ್ನ ಹದಿಹರೆಯದಲ್ಲಿ ವಿವಾಹವಾದರು.
314424	4783939	eng	kan	She treats me as if I were a baby.	ನನ್ನನ್ನು ಎಳೆಮಗು ತರಹ ಪರಿಗಣಿಸುತ್ತಾಳೆ.	ನಾನು ಮಗುವಾಗಿದ್ದಾಗ ಅವಳು ನನ್ನನ್ನು ಪರಿಗಣಿಸುತ್ತಾಳೆ.	ನಾನು ಕೂಡ ಒಂದು ಮಗುವಿನ ಕೆಲವು ಅವಳು ನನಗೆ ಪರಿಗಣಿಸುತ್ತದೆ.
314869	4774669	eng	kan	She has something in her hand.	ಅವಳು ಅವಳ ಕೈಯಲ್ಲಿ ಏನೋ ಇಟ್ಟುಕೊಂಡಿದ್ದಾಳೆ.	ಅವಳು ತನ್ನ ಕೈಯಲ್ಲಿ ಏನನ್ನಾದರೂ ಹೊಂದಿದ್ದಾಳೆ.	ತನ್ನ ಕೈಯಲ್ಲಿ ಏನೋ ಹೊಂದಿದೆ.
316050	4774186	eng	kan	She seems shy, but has a strong will in practice.	ಅವಳು ನಾಚಿಕೆಪಡುತ್ತಾಳೆ ಅಂತ ಕಾಣಿಸುತ್ತೆ ಆದರೆ ನಿಜವಾಗಲು ಅವಳಿಗೆ ಜಾಸ್ತಿ ಸಂಕಲ್ಪ ಶಕ್ತಿ ಇದೆ.	ಅವಳು ನಾಚಿಕೆಪಡುತ್ತಾಳೆ, ಆದರೆ ಅಭ್ಯಾಸದಲ್ಲಿ ಬಲವಾದ ಇಚ್ will ೆಯನ್ನು ಹೊಂದಿದ್ದಾಳೆ.	ಅವರು ನಾಚಿಕೆ ತೋರುತ್ತದೆ, ಆದರೆ ಆಚರಣೆಯಲ್ಲಿ ಬಲಶಾಲಿಯಾದ ಹೊಂದಿದೆ.
316061	4775372	eng	kan	She brought up two children.	ಅವಳು ಎರಡು ಮಕ್ಕಳನ್ನು ಸಾಕಿದಳು.	ಅವಳು ಇಬ್ಬರು ಮಕ್ಕಳನ್ನು ಕರೆತಂದಳು.	ಅವರು ಎರಡು ಮಕ್ಕಳು ಬೆಳೆದರು.
317349	4776860	eng	kan	She tried to get whatever she wanted.	ಏನೆಲ್ಲಾ ಅವಳಿಗೆ ಬೇಕಿತ್ತೋ ಅದನ್ನು ಖರೀದಿಸುವುದಕ್ಕೆ ಪ್ರಯತ್ನಿಸಿದಳು.	ಅವಳು ಬಯಸಿದ ಯಾವುದನ್ನಾದರೂ ಪಡೆಯಲು ಅವಳು ಪ್ರಯತ್ನಿಸಿದಳು.	ಅವಳು ನಮಗೇನು ಯತ್ನಿಸಿದ್ದನು.
317833	4774667	eng	kan	Mr. Sato collapsed from exhaustion.	ಸಾಟೋ ಅವರು ಆಯಾಸದಿಂದ ಕುಸಿದು ಬಿದ್ದರು.	ಶ್ರೀ ಸಾಟೊ ಕ್ಷೀಣದಿಂದ ಕುಸಿಯಿತು.	ಶ್ರೀ ಸಾಟೋ ಬಳಲಿಕೆಯನ್ನು ಕುಸಿಯಿತು.
318903	4775544	eng	kan	He took charge of the firm after his father's death.	ಅವನ ತಂದೆಯ ಮರಣಾನಂತರ ಅವನು ಸಂಸ್ಥೆಯ ಅಧಿಕಾರ ವಹಿಸಿಕೊಂಡಿದನು.	ತಂದೆಯ ಸಾವಿನ ನಂತರ ಅವರು ಸಂಸ್ಥೆಯ ಉಸ್ತುವಾರಿ ವಹಿಸಿಕೊಂಡರು.	ಅವರು ತಮ್ಮ ತಂದೆಯ ಮರಣದ ನಂತರ ಸಂಸ್ಥೆಯಿಂದ ವಹಿಸಿಕೊಂಡನು.
319396	4783980	eng	kan	Both my father and I went to the museum for the first time.	ನಾನು ಮತ್ತು ನನ್ನ ತಂದೆ ಮೊದಲ ಬಾರಿಗೆ ಸಂಗ್ರಾಲಯಕ್ಕೆ ಹೋದ್ವಿ.	ನನ್ನ ತಂದೆ ಮತ್ತು ನಾನು ಮೊದಲ ಬಾರಿಗೆ ಮ್ಯೂಸಿಯಂಗೆ ಹೋಗಿದ್ದೆವು.	ನನ್ನ ತಂದೆ ಮತ್ತು ನಾನು ಎರಡೂ ಮೊದಲ ಬಾರಿಗೆ ಮ್ಯೂಸಿಯಂ ಹೋದರು.
319945	4775384	eng	kan	The story got more and more exciting.	ಆ ಕಥೆ ಇನ್ನಷ್ಟು ಹೆಚ್ಚು ಅದ್ಭುತವಾಯಿತು.	ಕಥೆ ಹೆಚ್ಚು ಹೆಚ್ಚು ರೋಚಕವಾಗಿದೆ.	ಕಥೆ ಹೆಚ್ಚು ರೋಮಾಂಚನಕಾರಿ ಸಿಕ್ಕಿತು.
322719	4776791	eng	kan	In order to stay awake, I may have to drink more coffee.	ಎಚ್ಚರವಾಗಿರಲು ನಾನು ಇನ್ನು ಸ್ವಲ್ಪ ಕಾಫಿ ಕುಡಿಯಬೇಕು ಅಂತ ಅನಿಸುತ್ತೆ.	ಎಚ್ಚರವಾಗಿರಲು, ನಾನು ಹೆಚ್ಚು ಕಾಫಿ ಕುಡಿಯಬೇಕಾಗಬಹುದು.	ಎಚ್ಚರವಾಗಿರಲು ಸಲುವಾಗಿ, ನಾನು ಹೆಚ್ಚು ಕಾಫಿ ಕುಡಿಯಲು ಹೊಂದಿರಬಹುದು.
324120	4784823	eng	kan	Eat a lot of vegetables.	ಬಹಳ ತರಕಾರಿಗಳು ತಿನ್ನು.	ಸಾಕಷ್ಟು ತರಕಾರಿಗಳನ್ನು ತಿನ್ನಿರಿ.	ತರಕಾರಿಗಳು ಬಹಳಷ್ಟು ಈಟ್.
325552	4776541	eng	kan	His trip will keep him away from the office for a week.	ಅವನ ಪಯಣ ಅವನನ್ನು ಆಫೀಸಿನಿಂದ ದೂರ ಇಡತ್ತೆ.	ಅವರ ಪ್ರವಾಸವು ಅವನನ್ನು ಒಂದು ವಾರ ಕಚೇರಿಯಿಂದ ದೂರವಿರಿಸುತ್ತದೆ.	ಅವರ ಪ್ರವಾಸದ ಒಂದು ವಾರ ಕಚೇರಿಯಲ್ಲಿ ಅವನನ್ನು ದೂರ ಮಾಡುತ್ತದೆ.
329713	3350633	eng	kan	Good morning!	ಶುಭೋದಯ.	ಶುಭೋದಯ!	ಶುಭೋದಯ!
360558	8902974	eng	kan	See you later!	ಮತ್ತೆ ಸಿಗೋಣ	ನಂತರ ನಿಮ್ಮನ್ನು ನೋಡಿ!	ಆಮೇಲೆ ಸಿಗೋಣ!
373320	8902982	eng	kan	How are you?	ಹೇಗಿದ್ದೀರ	ನೀವು ಹೇಗಿದ್ದೀರಿ?	ನೀವು ಹೇಗಿದ್ದೀರಿ?
403320	4776808	eng	kan	He agrees with my opinion.	ಅವನು ನನ್ನ ಅಭಿಪ್ರಾಯವನ್ನು ಸಮ್ಮತಿಸುತ್ತಾನೆ.	ಅವರು ನನ್ನ ಅಭಿಪ್ರಾಯವನ್ನು ಒಪ್ಪುತ್ತಾರೆ.	ಅವರು ನನ್ನ ಅಭಿಪ್ರಾಯದಲ್ಲಿ ಸಮ್ಮತಿಸುತ್ತದೆ.
428402	4546226	eng	kan	What time is it?	ಗಂಟೆ ಎಷ್ಟು?	ಅದು ಯಾವ ಸಮಯ?	ಈಗ ಸಮಯ ಎಷ್ಟು?
477061	8902979	eng	kan	No.	ಇಲ್ಲ	ಇಲ್ಲ.	ನಂ
655682	4783948	eng	kan	Do you want to leave it like that?	ನಿಮಗೆ ಅದನ್ನು ಹಂಗೇ ಬಿಡಬೇಕಾ?	ನೀವು ಅದನ್ನು ಹಾಗೆ ಬಿಡಲು ಬಯಸುವಿರಾ?	ನೀವು ಹಾಗೆ ಇದು ಬಿಡಬೇಕಾಗಿದೆಯೆ?
884396	4774691	eng	kan	One can hardly change one's point of view.	ಯಾರೋ ಯಾರೊಬ್ಬರ ದೃಷ್ಟಿಕೋನವನ್ನು ಬದಲಾಯಿಸುವುದಕ್ಕೆ ತುಂಬಾನೆ ಕಷ್ಟ.	ಒಬ್ಬರ ದೃಷ್ಟಿಕೋನವನ್ನು ಬದಲಾಯಿಸಲು ಸಾಧ್ಯವಿಲ್ಲ.	ಒಂದು ಅಷ್ಟೇನೂ ವೀಕ್ಷಿಸಿ ಒಂದು ಪಾಯಿಂಟ್ ಬದಲಾಯಿಸಬಹುದು.
953092	4774604	eng	kan	Any time you want to borrow my car, all you have to do is ask.	ಯಾವಾಗಲಾದರು ನೀವು ನನ್ನ ಕಾರನ್ನು ಬೇಕೆಂದರೆ, ಬರಿ ಕೇಳಿ.	ನೀವು ನನ್ನ ಕಾರನ್ನು ಎರವಲು ಪಡೆಯಲು ಬಯಸಿದಾಗಲೆಲ್ಲಾ ಕೇಳುವುದು.	ನೀವು ನನ್ನ ಕಾರನ್ನು ಎರವಲು ಬಯಸುವ ಯಾವುದೇ ಸಮಯದಲ್ಲಿ, ನೀವು ಮಾಡಬೇಕು ಎಲ್ಲಾ ಕೇಳುವುದಕ್ಕಾಗಿ.
1007968	4776866	eng	kan	Give my regards to your family.	ನಿಮ್ಮ ಕುಟುಂಬಕ್ಕೆ ನನ್ನ ಪರವಾಗಿ ಶುಭಾಕಾಂಕ್ಷೆಗಳನ್ನು ನೀಡಿ.	ನಿಮ್ಮ ಕುಟುಂಬಕ್ಕೆ ನನ್ನ ಗೌರವಗಳನ್ನು ನೀಡಿ.	ನಿಮ್ಮ ಕುಟುಂಬಕ್ಕೆ ನನ್ನ ಸಂಬಂಧಿಸಿದಂತೆ ನೀಡಿ.
1016597	4774666	eng	kan	That's why he lost his job.	ಅದಕ್ಕೇನೇ ಅವನು ಅವನ ಕೆಲಸ ಕಳೆದುಕೊಂಡ.	ಅದಕ್ಕಾಗಿಯೇ ಅವನು ತನ್ನ ಕೆಲಸವನ್ನು ಕಳೆದುಕೊಂಡನು.	ಆ ತನ್ನ ಕೆಲಸ ಕಳೆದುಕೊಂಡಿದ್ದಾರೆ ಏಕೆ.
1093340	4783929	eng	kan	Tom knew who the killer was.	ಟಾಮಿಗೆ ಯಾರು ಕೊಲೆಗಾರ ಅಂತ ಗೊತ್ತಿತ್ತು.	ಕೊಲೆಗಾರ ಯಾರೆಂದು ಟಾಮ್ಗೆ ತಿಳಿದಿತ್ತು.	ಟಾಮ್ ಕೊಲೆಗಾರ ಗೊತ್ತಿತ್ತು.
1096435	4774684	eng	kan	I'll let you know if I find anything interesting.	ಏನೋ ಆಕರ್ಷಕವಾಗಿದ್ದರೆ ನಾನು ನಿನಗೆ ತಿಳಿಸುತ್ತೇನೆ.	ನಾನು ಆಸಕ್ತಿದಾಯಕ ಏನನ್ನಾದರೂ ಕಂಡುಕೊಂಡಿದ್ದೇನೆ ಎಂದು ನಾನು ನಿಮಗೆ ತಿಳಿಸುತ್ತೇನೆ.	ನಾನು ನಾನು ಏನು ಆಸಕ್ತಿಯುಳ್ಳ ವೇಳೆ ನಿಮಗೆ ತಿಳಿಸುತ್ತೇವೆ.
1446127	4783961	eng	kan	Are you finished reading the paper?	ನೀವು ಪತ್ರಿಕೆಯನ್ನು ಓದಿ ಮುಗಿಸಿದ್ದೀರಾ?	ನೀವು ಕಾಗದವನ್ನು ಓದುವುದನ್ನು ಮುಗಿಸಿದ್ದೀರಾ?	ನೀವು ಕಾಗದದ ಓದುವ ಪೂರ್ಣಗೊಳಿಸಿದಾಗ?
1564880	4774644	eng	kan	Brazil declared war on Argentina in 1825.	ಬ್ರಸಿಲು ಅರ್ಜೆಂಟೀನದ ಮೇಲೆ ಯುದ್ಧವನ್ನು ಪ್ರಕಟಿಸಿದರು.	ಬ್ರೆಜಿಲ್ ಅವರು ಅರ್ಜೆಂಟೀನಾ ಯುದ್ಧ ಘೋಷಿಸಿದರು.	ಬ್ರೆಜಿಲ್ 1825 ರಲ್ಲಿ ಅರ್ಜೆಂಟೀನಾ ಮೇಲೆ ಯುದ್ಧ ಘೋಷಿಸಿತು.
1818293	4774634	eng	kan	Where can we find the truth?	ನಾವು ಸತ್ಯವನ್ನು ಎಲ್ಲಿ ಕಂಡುಹಿಡಿಯಬಹುದು?	ನಾವು ಸತ್ಯವನ್ನು ಎಲ್ಲಿ ಕಂಡುಹಿಡಿಯಬಹುದು?	ಎಲ್ಲಿ ಸತ್ಯವನ್ನು ಕಾಣಬಹುದು?
1860526	4775394	eng	kan	Tell us what you know about Tom.	ಟಾಮ್ ಬಗ್ಗೆ ಏನೆಲ್ಲಾ ಗೊತ್ತೋ ನಮಗೆ ಹೇಳಿ.	ಟಾಮ್ ಬಗ್ಗೆ ನಿಮಗೆ ತಿಳಿದಿರುವುದನ್ನು ನಮಗೆ ತಿಳಿಸಿ.	ನೀವು ಟಾಮ್ ಬಗ್ಗೆ ನಮಗೆ ತಿಳಿಸಿ.
1860710	4775411	eng	kan	Go to the wine cellar and get a couple of bottles of wine.	ಸರಾಯಿ ನೆಲಮಾಳಿಗೆಗೆ ಹೋಗಿ ಎರಡು ಬಾಟಲಿ ವೈನು ತೆಗೆದುಕೊಂಡು ಬನ್ನಿ.	ವೈನ್ ನೆಲಮಾಳಿಗೆಗೆ ಹೋಗಿ ಮತ್ತು ಒಂದೆರಡು ಬಾಟಲಿಗಳನ್ನು ವೈನ್ ಪಡೆಯಿರಿ.	ವೈನ್ ನೆಲಮಾಳಿಗೆಯಲ್ಲಿ ಹೋಗಿ ವೈನ್ ಬಾಟಲಿಗಳು ಒಂದೆರಡು ಪಡೆಯಿರಿ.
1867852	4776862	eng	kan	Tom told Mary to go home.	ಟಾಮ್ ಮೇರಿಗೆ ಮನೆಗೆ ಹೋಗುವುದಕ್ಕೆ ಹೇಳಿದನು.	ಟಾಮ್ ಮೇರಿ ಮನೆಗೆ ಹೋಗಲು ಹೇಳಿದರು.	ಟಾಮ್ ಮನೆಗೆ ಹೋಗಲು ಮೇರಿ ಹೇಳಿದರು.
1872430	4776848	eng	kan	Tom won't be killing anybody else.	ಟಾಮ್ ಬೇರೆಯಾರನ್ನೂ ಕೊಲ್ಲಲ್ಲ.	ಟಾಮ್ ಬೇರೊಬ್ಬರನ್ನು ಕೊಲ್ಲುವುದಿಲ್ಲ.	ಟಾಮ್ ಬೇರೆ ಯಾರಿಗೂ ಕೊಲ್ಲುವ ಆಗುವುದಿಲ್ಲ.
1893605	4775475	eng	kan	We're working on it.	ನಾವು ಅದರ ಕುರಿತು ಕೆಲಸ ಮಾಡುತ್ತಾ ಇದ್ದೇವೆ.	ನಾವು ಅದರ ಮೇಲೆ ಕೆಲಸ ಮಾಡುತ್ತಿದ್ದೇವೆ.	ನಾವು ಕಾರ್ಯನಿರ್ವಹಿಸುತ್ತಿದ್ದೇವೆ.
1897710	4775437	eng	kan	It looks like we got lucky.	ನಮಗೆ ಅದೃಷ್ಟ ಸಿಕ್ಕಿತು ಅಂತ ಅನಿಸುತ್ತೆ.	ನಮಗೆ ಅದೃಷ್ಟವಿದೆ ಎಂದು ತೋರುತ್ತಿದೆ.	ನಾವು ಅದೃಷ್ಟ ಸಿಕ್ಕಿತು ತೋರುತ್ತಿದೆ.
1898250	4783910	eng	kan	Some animals are afraid of fire.	ಕೆಲವೊಂದು ಪ್ರಾಣಿಗಳು ಬೆಂಕಿಗೆ ಹೆದರುತ್ತವೆ.	ಕೆಲವು ಪ್ರಾಣಿಗಳು ಬೆಂಕಿಗೆ ಭಯಪಡುತ್ತಾರೆ.	ಕೆಲವು ಪ್ರಾಣಿಗಳು ಬೆಂಕಿಯ ಭಯದಲ್ಲಿರುತ್ತಾರೆ.
1950728	4774192	eng	kan	You can't be in two places at once.	ನಿಮಗೆ ಒಂದೇ ಬಾರಿ ಎರಡು ಜಾಗದಲ್ಲಿ ಇರುವುದಕ್ಕೆ ಆಗಲ್ಲ.	ನೀವು ಒಮ್ಮೆ ಎರಡು ಸ್ಥಳಗಳಲ್ಲಿರಲು ಸಾಧ್ಯವಿಲ್ಲ.	ನೀವು ಒಮ್ಮೆ ಎರಡು ಸ್ಥಳಗಳಲ್ಲಿ ಎಂದು ಸಾಧ್ಯವಿಲ್ಲ.
2007418	4784803	eng	kan	Let's get it right this time.	ಈ ಸಲ ನಾವು ಸರಿಯಾಗಿ ಮಾಡೋಣ.	ಈ ಬಾರಿ ಅದನ್ನು ಸರಿಯಾಗಿ ಪಡೆಯೋಣ.	ಇದನ್ನು ಬಲ ಈ ತಿಳಿದುಕೊಳ್ಳೋಣ.
2007628	4774678	eng	kan	Let's greet our guests.	ನಮ್ಮ ಅತಿಥಿಗಳನ್ನು ಸ್ವಾಗತಿಸೋಣ.	ನಮ್ಮ ಅತಿಥಿಗಳನ್ನು ಸ್ವಾಗತಿಸೋಣ.	ನಮ್ಮ ಅತಿಥಿಗಳು ಸ್ವಾಗತಿಸಲು ಲೆಟ್.
2013983	4783970	eng	kan	I'd like to see the agreement.	ಒಪ್ಪ೦ದವನ್ನು ನೋಡುವುದಕ್ಕೆ ನಾನು ಇಷ್ಟಪಡುತ್ತೇನೆ.	ನಾನು ಒಪ್ಪಂದವನ್ನು ನೋಡಲು ಬಯಸುತ್ತೇನೆ.	ನಾನು ಒಪ್ಪಂದದ ನೋಡಲು ಬಯಸುವ.
2018792	4784814	eng	kan	I just want to say that I was wrong.	ನಾನು ತಪ್ಪು ಮಾಡಿದೆ ಎಂದು ಹೇಳಬೇಕು.	ನಾನು ತಪ್ಪು ಎಂದು ಹೇಳಲು ನಾನು ಬಯಸುತ್ತೇನೆ.	ನಾನು ನಾನು ತಪ್ಪು ಎಂದು ಹೇಳಲು ಬಯಸುವ.
2023301	4774632	eng	kan	Are you sure we've never met before?	ನಾವು ಮುಂಚೆ ಎಂದಿಗೂ ಭೇಟಿಯಾಗಿಲ್ಲವೆಂದು ಖಚಿತವಾಗಿ ಹೇಳುತ್ತೀರಾ?	ನಾವು ಮೊದಲು ಭೇಟಿಯಾಗಿಲ್ಲ ಎಂದು ನಿಮಗೆ ಖಚಿತವಾಗಿದೆಯೇ?	ನೀವು ಖಚಿತವಾಗಿ ನಾವು ಮೊದಲು ಭೇಟಿ ನಾನೆಂದಿಗೂ ಮಾಡಲಾಗುತ್ತದೆ?
2023748	4775442	eng	kan	Tom doesn't eat much meat.	ಟಾಮ್ ಹೆಚ್ಚು ಮಾಂಸ ತಿನ್ನುವುದಿಲ್ಲ.	ಟಾಮ್ ಹೆಚ್ಚು ಮಾಂಸವನ್ನು ತಿನ್ನುವುದಿಲ್ಲ.	ಟಾಮ್ ಹೆಚ್ಚು ಮಾಂಸ ತಿನ್ನುವುದಿಲ್ಲ.
2030096	4783940	eng	kan	How did it go last night?	ನೆನ್ನೆ ರಾತ್ರಿ ಹೇಗೆ ನಡೆಯಿತು?	ಕಳೆದ ರಾತ್ರಿ ಅದು ಹೇಗೆ ಹೋಯಿತು?	ಹೇಗೆ ಕಳೆದ ರಾತ್ರಿ ಹೋಗಿವೆ?
2042689	4774595	eng	kan	The only time you talk to me is when you need some money.	ಯಾವಾಗ ನಿನಗೆ ದುಡ್ಡು ಬೇಕಾದರೆ ಮಾತ್ರ ನೀನು ನನ್ನ ಜೊತೆ ಮಾತನಾಡುತ್ತೇಯ.	ನೀವು ನನ್ನೊಂದಿಗೆ ಮಾತನಾಡುವ ಏಕೈಕ ಸಮಯವೆಂದರೆ ನಿಮಗೆ ಸ್ವಲ್ಪ ಹಣ ಬೇಕು.	ನೀವು ಕೆಲವು ಹಣ ಬೇಕಾದಾಗ ನೀವು ನನಗೆ ಮಾತನಾಡಲು ಮಾತ್ರ ಸಮಯ.
2043700	4776542	eng	kan	Give me half.	ಅರ್ಧ ನನಗೆ ಕೊಡು.	ನನಗೆ ಅರ್ಧವನ್ನು ನೀಡಿ.	ನನ್ನ ಅರ್ಧ ನೀಡಿ.
2050589	4775526	eng	kan	What team do you play for?	ನೀವು ಯಾವ ತಂಡಕ್ಕೆ ಆಟ ಆಡುತ್ತೀರಾ?	ನೀವು ಯಾವ ತಂಡಕ್ಕೆ ಆಡುತ್ತೀರಿ?	ನೀವು ಏನು ತಂಡ ಪ್ಲೇ ಮಾಡಬೇಕು?
2197361	4774675	eng	kan	In my opinion, eastern music is too noisy.	ನನ್ನ ಅಭಿಪ್ರಾಯದಲ್ಲಿ ಪೂರ್ವ ದಿಕ್ಕಿನ ಹಾಡುಗಳು ಜಾಸ್ತಿ ಸದ್ದು ಮಾಡುತ್ತೆ.	ನನ್ನ ಅಭಿಪ್ರಾಯದಲ್ಲಿ, ಪೂರ್ವ ಸಂಗೀತ ತುಂಬಾ ಗದ್ದಲವಾಗಿದೆ.	ನನ್ನ ಅಭಿಪ್ರಾಯದಲ್ಲಿ, ಪೂರ್ವ ಸಂಗೀತವು ಗದ್ದಲದ ಆಗಿದೆ.
2202905	4784794	eng	kan	Mary is gorgeous.	ಮೇರಿ ಸೌಂದರ್ಯವಾಗಿದ್ದಾಳೆ.	ಮಹಿಳೆ ಬಹುಕಾಂತೀಯ.	ಮೇರಿ ಸೌಂದರ್ಯ ಹೊಂದಿದೆ.
2237161	4776861	eng	kan	Tom liked you.	ಟಾಮ್ ನಿನ್ನನ್ನು ಬಯಸಿದನು.	ಟಾಮ್ ನಿಮ್ಮನ್ನು ಇಷ್ಟಪಟ್ಟಿದ್ದಾರೆ.	ಟಾಮ್ ನೀವು ಇಷ್ಟಪಟ್ಟ.
2240217	4776457	eng	kan	Tom woke up.	ಟಾಮ್ ಏಳಿದನು.	ಟಾಮ್ ಎಚ್ಚರವಾಯಿತು.	ಟಾಮ್ ಎಚ್ಚರವಾಯಿತು.
2243698	4774749	eng	kan	They're useless now.	ಅವರು ಏನಕ್ಕೂ ಉಪಯೋಗವಿಲ್ಲ.	ಅವರು ಈಗ ನಿಷ್ಪ್ರಯೋಜಕರಾಗಿದ್ದಾರೆ.	ಈಗ ಅನುಪಯುಕ್ತ ಆರ್.
2249423	4774747	eng	kan	Just go inside.	ಒಳಗೆ ಹೋಗು ಅಷ್ಟೇ.	ಒಳಗೆ ಹೋಗಿ.	ಕೇವಲ ಒಳಗೆ ಹೋಗಿ.
2275257	4774624	eng	kan	Don't let Tom do it.	ಟೊಮನ್ನು ಅದನ್ನು ಮಾಡಕ್ಕೆ ಬಿಡಬೇಡಿ.	ಟಾಮ್ ಅದನ್ನು ಮಾಡಲು ಬಿಡಬೇಡಿ.	ಟಾಮ್ ಅದನ್ನು ಬಿಡಬೇಡಿ.
2301299	4776871	eng	kan	I can recommend a good lawyer.	ನಾನು ನಿಮಗೆ ಒಳ್ಳೆಯ ವಕೀಲರನ್ನು ಸೊಚಿಸಬಹುದು.	ನಾನು ಉತ್ತಮ ವಕೀಲರನ್ನು ಶಿಫಾರಸು ಮಾಡಬಹುದು.	ನಾನು ಉತ್ತಮ ವಕೀಲ ಶಿಫಾರಸು ಮಾಡಬಹುದು.
2301371	4783914	eng	kan	I can tell this is difficult for you.	ಇದು ನಿಮಗೆ ಕಷ್ಟವಿದೆ ಎಂದು ನನಗೆ ತಿಳಿದು ಬರುತ್ತದೆ.	ಇದು ನಿಮಗೆ ಕಷ್ಟ ಎಂದು ನಾನು ಹೇಳಬಲ್ಲೆ.	ನಾನು ನಿಮಗಾಗಿ ಕಷ್ಟ ಹೇಳಬಹುದು.
2318300	4783974	eng	kan	I don't know what came over me.	ನನಗೆ ಏನಾಯಿತು ಅಂತ ನನಗೇನೆ ಗೊತ್ತಿಲ್ಲ.	ನನ್ನ ಮೇಲೆ ಏನಾಯಿತು ಎಂದು ನನಗೆ ಗೊತ್ತಿಲ್ಲ.	ನನ್ನ ಮೇಲೆ ಬಂದಿತು ಎಂಬುದನ್ನು ಗೊತ್ತಿಲ್ಲ.
2331798	4784785	eng	kan	I had to get some money.	ನಾನು ಸ್ವಲ್ಪ ದುಡ್ಡನ್ನು ತೆಗೆದುಕೊಂಡು ಬರಬೇಕಾಗಿತ್ತು.	ನಾನು ಸ್ವಲ್ಪ ಹಣವನ್ನು ಪಡೆಯಬೇಕಾಗಿತ್ತು.	ನಾನು ಹಣ ಪಡೆಯಬೇಕಾಗಿತ್ತು.
2358934	4776867	eng	kan	I've always believed that.	ನಾನು ಎಂದಿಗೂ ಅದನ್ನೇ ನಂಬಿದ್ದೇನೆ.	ನಾನು ಯಾವಾಗಲೂ ಅದನ್ನು ನಂಬಿದ್ದೇನೆ.	ನಾನು ಯಾವಾಗಲೂ ನಂಬಿಕೆ ಬಂದಿದೆ.
2361707	4774665	eng	kan	I suggest we don't even try.	ನಾವು ಪ್ರಯತ್ನಿಸದೇ ಬೇಡ ಅಂತ ಸೂಚಿಸುತ್ತೇನೆ.	ನಾವು ಪ್ರಯತ್ನಿಸುವುದಿಲ್ಲ ಎಂದು ನಾನು ಸೂಚಿಸುತ್ತೇನೆ.	ನಾವು ಸಹ ಪ್ರಯತ್ನಿಸಿ ಇಲ್ಲ ಸೂಚಿಸುತ್ತದೆ.
2362200	4775547	eng	kan	I just got back.	ನಾನು ಈಗ ತಾನೇ ವಾಪಸ್ಸು ಬಂದೆ.	ನಾನು ಹಿಂತಿರುಗಿದೆ.	ನಾನು ಹಿಂದಕ್ಕೆ ಪಡೆದರು.
2375611	4774191	eng	kan	My goal is to learn your language.	ನಿನ್ನ ಭಾಷೆ ಕಲಿಯುವುದೇ ನನ್ನ ಗುರಿ.	ನಿಮ್ಮ ಭಾಷೆಯನ್ನು ಕಲಿಯುವುದು ನನ್ನ ಗುರಿ.	ನನ್ನ ಗುರಿ ನಿಮ್ಮ ಭಾಷೆ ತಿಳಿಯುವುದಾಗಿದೆ.
2389548	4775511	eng	kan	I only wish to help you.	ನಿಮ್ಮನ್ನು ಸಹಾಯ ಮಾಡುವುದಕ್ಕೆ ಆಶಿಸುತ್ತೇನೆ.	ನಾನು ನಿಮಗೆ ಸಹಾಯ ಮಾಡಲು ಬಯಸುತ್ತೇನೆ.	ನಾನು ಮಾತ್ರ ನೀವು ಸಹಾಯ ಬಯಸುವ.
2390878	4774664	eng	kan	I really owe you an apology.	ನಿಜವಾಗಿಯೂ ನಾನು ನಿಮಗೆ ಕ್ಷಮೆ ಕೋರಬೇಕು.	ನಾನು ನಿಮಗೆ ಕ್ಷಮೆಯಾಚಿಸುತ್ತೇನೆ.	ನಾನು ನೀವು ಕ್ಷಮೆ ಬದ್ಧನಾಗಿರಬೇಕು.
2406410	4774750	eng	kan	I should've gotten up earlier this morning.	ನಾನು ಇವತ್ತು ಬೆಳಿಗ್ಗೆ ಬೇಗ ಏಳಬೇಕಾಗಿತ್ತು.	ನಾನು ಈ ಬೆಳಿಗ್ಗೆ ಮೊದಲೇ ಎದ್ದೇಳಬೇಕು.	ನಾನು ಈ ಬೆಳಿಗ್ಗೆ ಅಪ್ ಪಡೆದ ನಾವು ಮಾಡಬೇಕು.
2408147	4776864	eng	kan	I think that went well.	ಚನ್ನಾಗಿ ನಡೆಯಿತು ಅಂತ ಅನಿಸುತ್ತೆ.	ಅದು ಚೆನ್ನಾಗಿ ಹೋಯಿತು ಎಂದು ನಾನು ಭಾವಿಸುತ್ತೇನೆ.	ನಾನು ಚೆನ್ನಾಗಿ ಹೋದರು ಭಾವಿಸುತ್ತೇನೆ.
2537173	4774759	eng	kan	You would've gotten away with it if Tom hadn't told on you.	ಒಂದು ವೇಳೆ ಟಾಮ್ ನಿನ್ನ ಬಗ್ಗೆ ಹೇಳಲಿಲ್ಲವೆಂದರೆ ತಪ್ಪಿಸಿಕೊಳ್ಳಬಹುದಾಗಿತ್ತು.	ಟಾಮ್ ನಿಮ್ಮ ಮೇಲೆ ಹೇಳದಿದ್ದರೆ ನೀವು ಅದರಿಂದ ದೂರವಿರುತ್ತಿದ್ದೀರಿ.	ಟಾಮ್ ನೀವು ಹೇಳಲಿಲ್ಲ ಎಂದು ನೀವು ಅದನ್ನು ವಿದೇಶ ಪಡೆದ ಬಂದಿದೆ ಎಂದು.
2540429	4776781	eng	kan	These are Tom's glasses, not mine.	ಇದು ಟಾಮಿನ ಕನ್ನಡಕ, ನನ್ನದಿಲ್ಲ.	ಇವು ಟಾಮ್ನ ಕನ್ನಡಕ, ನನ್ನಲ್ಲ.	ಈ ಟಾಮ್ ಕನ್ನಡಕಗಳನ್ನು, ನನ್ನದಲ್ಲ ಇವೆ.
2541034	4783951	eng	kan	I wondered the same thing myself.	ಅದೇ ಪ್ರಶ್ನೆ ನನ್ನನ್ನೇ ಕೇಳಿದೆ.	ನಾನು ಅದೇ ವಿಷಯವನ್ನು ಆಶ್ಚರ್ಯ ಪಡುತ್ತೇನೆ.	ಒಂದೇ ವಿಷಯವನ್ನು ನನ್ನ ಆಶ್ಚರ್ಯ.
2541323	4783915	eng	kan	I'm sorry I missed your concert.	ಕ್ಷಮಿಸಿ ನಿಮ್ಮ ಕಛೇರಿಗೆ ಬರುವದಕ್ಕೆ ಆಗಲಿಲ್ಲ.	ಕ್ಷಮಿಸಿ ನಾನು ನಿಮ್ಮ ಗೋಷ್ಠಿಯನ್ನು ತಪ್ಪಿಸಿಕೊಂಡೆ.	ಕ್ಷಮಿಸಿ ನಾನು ನಿಮ್ಮ ಸಂಗೀತ ತಪ್ಪಿಸಿಕೊಂಡ ಆಗಿದ್ದೇನೆ.
2545062	4774190	eng	kan	You are in love with him.	ನೀನು ಅವನನ್ನು ಪ್ರೀತಿಸುತ್ತಿದ್ದೀಯ.	ನೀವು ಅವನನ್ನು ಪ್ರೀತಿಸುತ್ತಿದ್ದೀರಿ.	ನೀವು ಅವನ ಪ್ರೇಮ ಇವೆ.
2644890	4776794	eng	kan	Tom is ready for you now.	ಟಾಮ್ ಈಗ ನಿಮಗೆ ತಯಾರಾಗಿದ್ದಾನೆ.	ಟಾಮ್ ಈಗ ನಿಮಗಾಗಿ ಸಿದ್ಧರಾಗಿದ್ದಾರೆ.	ಟಾಮ್ ಈಗ ನೀವು ಸಿದ್ಧವಾಗಿದೆ.
2644923	4776838	eng	kan	Tom had almost forgotten.	ಟಾಮ್ ಬಹುಮಟ್ಟಿಗೆ ಮರೆತುಬಿಟ್ಟಿದ್ದನು.	ಟಾಮ್ ಬಹುತೇಕ ಮರೆತಿದ್ದ.	ಟಾಮ್ ಸುಮಾರು ಮರೆತು.
2648982	4775449	eng	kan	See you at 2:30.	ಎರಡು ವರೆಗೆ (೨.೩೦ ಗೆ) ನಿನ್ನನ್ನು ನೋಡುತ್ತೇನೆ.	ನಿಮ್ಮನ್ನು 2.30 ಕ್ಕೆ ನೋಡೋಣ.	2:30 ನಲ್ಲಿ ನೀವು ನೋಡಿ.
2742244	8902972	eng	kan	Hi!	ಹಾಯ್	ಹಾಯ್!	ನಮಸ್ತೆ!
2744171	4784789	eng	kan	Last night, I read a book.	ನೆನ್ನೆ ರಾತ್ರಿ ನಾನು ಒಂದು ಪುಸ್ತಕವನ್ನು ಓದಿದೆ.	ಕಳೆದ ರಾತ್ರಿ, ನಾನು ಪುಸ್ತಕ ಓದಿದ್ದೇನೆ.	ಕೊನೆಯ ರಾತ್ರಿ, ನಾನು ಒಂದು ಪುಸ್ತಕ ಓದಲು.
2828986	4776455	eng	kan	I don't see the small car.	ಚಿಕ್ಕ ಕಾರನ್ನು ಕಾಣುವುದಿಲ್ಲ.	ನಾನು ಸಣ್ಣ ಕಾರನ್ನು ನೋಡುವುದಿಲ್ಲ.	ನಾನು ಸಣ್ಣ ಕಾರು ಕಾಣುವುದಿಲ್ಲ.
2835777	4774653	eng	kan	Can we go inside?	ನಾವು ಒಳಗಡೆ ಹೋಗಬಹುದಾ?	ನಾವು ಒಳಗೆ ಹೋಗಬಹುದೇ?	ನಾವು ಒಳಗೆ ಹೋಗಬಹುದು?
2892018	4784804	eng	kan	That's all Tom needed.	ಅದಷ್ಟೇ ಟಾಮಿಗೆ ಬೇಕಾಗಿದ್ದು.	ಟಾಮ್ ಗೆ ಬೇಕಾಗಿರುವುದು ಅಷ್ಟೇ.	ಆ ಎಲ್ಲಾ ಟಾಮ್ ಅಗತ್ಯವಿದೆ ಇಲ್ಲಿದೆ.
2951980	4775518	eng	kan	I didn't know that Tom spoke French.	ನನಗೆ ಟಾಮ್ ಫ್ರೆಂಚ್ ಮಾತಾಡುತ್ತಾನೆ ಅಂತ ಗೊತ್ತೇ ಇರಲಿಲ್ಲ.	ಟಾಮ್ ಫ್ರೆಂಚ್ ಮಾತನಾಡಿದ್ದಾರೆಂದು ನನಗೆ ತಿಳಿದಿರಲಿಲ್ಲ.	ನಾನು ಟಾಮ್ ಫ್ರೆಂಚ್ ಮಾತಾಡಿದ ತಿಳಿದಿರಲಿಲ್ಲ.
2953143	4776833	eng	kan	It's my fault that you were fired.	ನಿನ್ನನ್ನು ಕೆಲಸದಿಂದ ತೆಗೆದಿರುವುದಕ್ಕೆ ನಾನೇ ಕರಣ ಮತ್ತು ನಂದೇ ತಪ್ಪು.	ನಿಮ್ಮನ್ನು ಗುಂಡು ಹಾರಿಸಿರುವುದು ನನ್ನ ತಪ್ಪು.	ನೀವು ಹಾರಿಸಲಾಗಿತ್ತು ಎಂದು ನನ್ನ ತಪ್ಪು.
2958227	4776865	eng	kan	Tom stared sadly out the window.	ಟಾಮ್ ಕಿಟಕಿಯ ಹೊರಗೆ ದುಃಖದಿಂದ ನೋಡುತ್ತಲಿರುತ್ತಿದ್ದನು.	ಟಾಮ್ ಕಿಟಕಿಯ ದುಃಖದಿಂದ ನಟಿಸಿದರು.	ಟಾಮ್ ವಿಂಡೋ ಔಟ್ ದುಃಖದಿಂದ ರಾಚುವಂತಿತ್ತು.
3079578	4774193	eng	kan	It very likely is going to be dangerous.	ಅಪಾಯ ಇರುವುದಕ್ಕೆ ಬಹಳ ಸಾಧ್ಯತೆ ಇದೆ.	ಇದು ಅಪಾಯಕಾರಿ ಎಂದು ಬಹಳ ಸಾಧ್ಯತೆ ಇದೆ.	ಇದು ಬಹಳ ಸಾಧ್ಯತೆ ಅಪಾಯಕಾರಿ ಎಂದು ನಾನು.
3126715	4784818	eng	kan	I forgot Tom was the one who taught you how to play the guitar.	ಟಾಮ್ ನಿಮಗೆ ಗಿಟಾರ್ ಭಾರಿಸುವುದಕ್ಕೆ ಹೇಳಿಕೊಟ್ಟನೆಂದು ನನಗೆ ಮರೆತುಹೋಯಿತು.	ಗಿಟಾರ್ ಅನ್ನು ಹೇಗೆ ಆಡಬೇಕೆಂದು ನಾನು ನಿಮಗೆ ಕಲಿಸಿದ ಟಾಮ್ ಅನ್ನು ನಾನು ಮರೆತಿದ್ದೇನೆ.	ನಾನು ಟಾಮ್ ಹೇಗೆ ಗಿಟಾರ್ ಆಡಲು ಕಲಿಸಿದ ಒಬ್ಬ ಮರೆತುಹೋಗಿದೆ.
3127919	4775494	eng	kan	Can you suggest another solution?	ಇನ್ನೊಂದು ಪರಿಹಾರವನ್ನು ಸುಚಿಸುತ್ತೀರಾ?	ನೀವು ಇನ್ನೊಂದು ಪರಿಹಾರವನ್ನು ಸೂಚಿಸಬಹುದೇ?	ನೀವು ಇನ್ನೊಂದು ಪರಿಹಾರ ಸೂಚಿಸುವಿರಾ?
3131001	4784806	eng	kan	A great deal has happened since that time.	ಅಂದಿನಿಂದ ಬಹಳಷ್ಟು ಘಟನೆಗಳು ನಡೆದಿವೆ.	ಆ ಸಮಯದಿಂದ ಬಹಳಷ್ಟು ಸಂಭವಿಸಿದೆ.	ಒಂದು ದೊಡ್ಡ ಆಗಿನಿಂದಲೂ ಸಂಭವಿಸಲಿಲ್ಲ.
3161834	4784808	eng	kan	Tom promised to help me, but he didn't.	ಟಾಮ್ ಸಹಾಯ ನೀಡುತ್ತಾನೆಂದು ನನಗೆ ಭರವಸೆ ಕೊಟ್ಟನು ಆದರೆ ಕೊಡಲಿಲ್ಲ.	ಟಾಮ್ ನನಗೆ ಸಹಾಯ ಮಾಡುವುದಾಗಿ ಭರವಸೆ ನೀಡಿದ್ದರು, ಆದರೆ ಅವರು ಮಾಡಲಿಲ್ಲ.	ಟಾಮ್ ನನಗೆ ಸಹಾಯ ಭರವಸೆ, ಆದರೆ ಮಾಡಲಿಲ್ಲ.
3170979	4783932	eng	kan	You have to tell Tom.	ನೀವು ಟಾಮಿಗೆ ಹೇಳಲೇಬೇಕು.	ನೀವು ಟಾಮ್ ಗೆ ಹೇಳಬೇಕು.	ನೀವು ಟಾಮ್ ಹೇಳಲು ಹೊಂದಿವೆ.
3178325	4784809	eng	kan	You need to stay awake.	ನೀವು ಎಚ್ಚರವಾಗಿರಬೇಕು.	ನೀವು ಎಚ್ಚರವಾಗಿರಬೇಕು.	ನೀವು ಎಚ್ಚರವಾಗಿರಲು ಅಗತ್ಯವಿದೆ.
3184901	4774742	eng	kan	Tom stayed with me.	ಟಾಮ್ ನನ್ನ ಜೊತೆ ಉಳಿದುಕೊಂಡನು.	ಟಾಮ್ ನನ್ನೊಂದಿಗೆ ಇರುತ್ತಾನೆ.	ಟಾಮ್ ನನ್ನೊಂದಿಗೆ ಉಳಿದರು.
3202633	4774760	eng	kan	Maybe Tom doesn't tell you everything.	ಬಹುಷಃ ಟಾಮ್ ನಿನಗೆ ಎಲ್ಲದರ ಬಗ್ಗೆ ಹೇಳಲ್ಲ.	ಬಹುಶಃ ಟಾಮ್ ನಿಮಗೆ ಎಲ್ಲವನ್ನೂ ಹೇಳುವುದಿಲ್ಲ.	ಬಹುಶಃ ಟಾಮ್ ನೀವು ಎಲ್ಲವನ್ನೂ ಹೇಳುವುದಿಲ್ಲ.
3204603	4776851	eng	kan	You have to tell me exactly what I need to do.	ನಾನು ಏನನ್ನು ಮಾಡಬೇಕೆಂದು ಸರಿಯಾಗಿ ನೀವು ಹೇಳಬೇಕು.	ನಾನು ಏನು ಮಾಡಬೇಕೆಂದು ನೀವು ನಿಖರವಾಗಿ ಹೇಳಬೇಕು.	ನೀವು ನಾನು ಮಾಡಬೇಕಾದ್ದು ನಿಖರವಾಗಿ ನನಗೆ ಹೇಳಲು ಹೊಂದಿವೆ.
3286976	4784797	eng	kan	There's nothing in the bucket.	ಬಾದಲಿಯಲ್ಲಿ ಏನೂ ಇಲ್ಲ.	ಬಕೆಟ್ ನಲ್ಲಿ ಏನೂ ಇಲ್ಲ.	ಬಕೆಟ್ ನಲ್ಲಿ ಏನೂ ಇಲ್ಲ.
3287075	4784811	eng	kan	Do you think it means something?	ಅದಕ್ಕೆ ಅರ್ಥ ಇದೆ ಎಂದು ನಿಮಗೆ ಅನಿಸುತ್ತಾ?	ಇದು ಏನಾದರೂ ಎಂದು ನೀವು ಭಾವಿಸುತ್ತೀರಾ?	ನೀವು ಅರ್ಥವನ್ನು ಅಭಿಪ್ರಾಯವೇ?
3311967	4784799	eng	kan	We'll think of another way.	ಬೇರೆ ರೀತಿಯಲ್ಲಿ ಯೋಚನೆ ಮಾಡೋಣ.	ನಾವು ಇನ್ನೊಂದು ರೀತಿಯಲ್ಲಿ ಯೋಚಿಸುತ್ತೇವೆ.	ನಾವು ಮತ್ತೊಂದು ರೀತಿಯಲ್ಲಿ ನಗರದ ಮಾಡುತ್ತೇವೆ.
3330440	4774620	eng	kan	I gave Tom a huge hug.	ನಾನು ಟೊಮನ್ನು ಬಿಗಿಯಾಗಿ ತಬ್ಬಿಕೊಂಡೆ.	ನಾನು ಟಾಮ್ ಗೆ ದೊಡ್ಡ ನರ್ತನವನ್ನು ನೀಡಿದ್ದೇನೆ.	ನಾನು ಟಾಮ್ ಬೃಹತ್ ನರ್ತನ ನೀಡಿದರು.
3342770	4776827	eng	kan	You let me down, Tom.	ನೀನು ನನ್ನನು ನಿರಾಶೆ ಮಾಡುತ್ತೀಯ.	ನೀವು ನನ್ನನ್ನು ಕೆಳಗಿಳಿಸಿ, ಟಾಮ್.	ನೀವು ನನಗೆ ನಿರಾಸೆ, ಟಾಮ್.
3358937	4784819	eng	kan	You shouldn't be here now.	ನೀವು ಇಲ್ಲಿ ಈಗ ಇರಬಾರದು.	ನೀವು ಈಗ ಇಲ್ಲಿರಬೇಕು.	ನೀವು ಈಗ ಇಲ್ಲಿ ಇರುವಂತಿಲ್ಲ.
3360364	4774754	eng	kan	You don't think I can do this, do you?	ನೀನು ಇದನ್ನು ಮಾಡಕ್ಕೆ ಆಗುವುದಿಲ್ಲವೆಂದು ನಂಬಿದ್ದೀಯಾ ಅಲ್ವ?	ನಾನು ಇದನ್ನು ಮಾಡಬಹುದೆಂದು ನೀವು ಭಾವಿಸುವುದಿಲ್ಲ, ಅಲ್ಲವೇ?	ನೀವು ನಾನು ಈ ಮಾಡಬಹುದು ಯೋಚಿಸುವುದಿಲ್ಲ, ನೀವು?
3392646	4783912	eng	kan	Let's hope we never have to do that.	ಅದನ್ನು ಎಂದಿಗೂ ಮಾಡಬೇಡವೆಂದು ನಂಬೋಣ.	ನಾವು ಅದನ್ನು ಎಂದಿಗೂ ಮಾಡಬೇಕಾಗಿಲ್ಲ ಎಂದು ಭಾವಿಸೋಣ.	ನಾವು ಇದನ್ನು ಯಾವತ್ತೂ ಭಾವಿಸುತ್ತೇವೆ.
3396790	4774741	eng	kan	I'm glad you guys could make it.	ನೀವೆಲ್ಲ ಬಂದಿದ್ದು ನನಗೆ ತುಂಬಾ ಸಂತೋಷ.	ನೀವು ಅದನ್ನು ಮಾಡಲು ನನಗೆ ಖುಷಿಯಾಗಿದೆ.	ನೀವು ಹುಡುಗರಿಗೆ ಇದು ಮಾಡುವನು ನಾನು ಸಂತೋಷವನ್ನು ಮನುಷ್ಯ.
3402383	4783943	eng	kan	Did Tom ever hurt you?	ಟಾಮ್ ನಿನ್ನನ್ನು ಯಾವಾಗಲಾದರೂ ನೋಯಿಸಿದ್ದಾನಾ?	ಟಾಮ್ ನಿಮ್ಮನ್ನು ಎಂದಾದರೂ ನೋಯಿಸಿದ್ದೀರಾ?	ಟಾಮ್ ಇದುವರೆಗೆ ನೀವು ಹರ್ಟ್ ಡಿಡ್?
3409370	4776842	eng	kan	We should call off the search.	ನಾವು ಹುಡುಕಾಟವನ್ನು ರದ್ಧುಗೊಳಿಸಬೇಕು.	ನಾವು ಹುಡುಕಾಟದಿಂದ ಕರೆ ಮಾಡಬೇಕು.	ನಾವು ಹುಡುಕಾಟ ಆಫ್ ಕರೆ ಮಾಡಬೇಕು.
3422190	4784812	eng	kan	Tom is very careless.	ಟಾಮ್ ತುಂಬಾನೇ ಅಸಡ್ಡೆ.	ಟಾಮ್ ತುಂಬಾ ಜಾಗರೂಕ.	ಟಾಮ್ ಬಹಳ ಅಸಡ್ಡೆ ಆಗಿದೆ.
3431003	4774652	eng	kan	Tom left three hours ago.	ಟಾಮ್ ಮೂರು ಗಂಟೆಯ ಮುಂಚೇನೇ ಹೋದ.	ಟಾಮ್ ಮೂರು ಗಂಟೆಗಳ ಹಿಂದೆ ಹೊರಟುಹೋದರು.	ಟಾಮ್ ಬಿಟ್ಟು ಮೂರು ಗಂಟೆಗಳ ಹಿಂದೆ.
3434098	4776852	eng	kan	When does Tom usually go to the gym?	ಟಾಮ್ ಸಾಮಾನ್ಯವಾಗಿ ಯಾವಾಗ ಜಿಮ್ಮಿಗೆ ಹೋಗುತ್ತಾನೆ?	ಟಾಮ್ ಸಾಮಾನ್ಯವಾಗಿ ಜಿಮ್ ಗೆ ಯಾವಾಗ ಹೋಗುತ್ತಾರೆ?	ಟಾಮ್ ಸಾಮಾನ್ಯವಾಗಿ ಜಿಮ್ ಗೆ ಹೋಗಿ ಮಾಡುವುದಿಲ್ಲ?
3484688	4776845	eng	kan	Does Tom have a crush on Mary?	ಟಾಮ್ ಮೇರಿ ಮೇಲೆ ಪ್ರೀತಿ ಇದ್ಯಾ?	ಟಾಮ್ ಗೆ ಮೇರಿ ಮೇಲೆ ಕ್ರಶ್ ಇದೆಯೇ?	ಟಾಮ್ ಮೇರಿ ಮೋಹ ಹೊಂದಿದೆಯೇ?
3570954	4774672	eng	kan	That is your beauty.	ಅದೇ ನಿನ್ನ ಸೌಂದರ್ಯ.	ಅದು ನಿಮ್ಮ ಸೌಂದರ್ಯ.	ನಿಮ್ಮ ಸೌಂದರ್ಯ ಹೊಂದಿದೆ.
3620074	4776836	eng	kan	I don't know how I can ever thank you.	ನಿಮಗೆ ಹೇಗೆ ಧನ್ಯವಾದ ಹೇಳಕ್ಕೆ ಗೊತ್ತಾಗುತ್ತಾ ಇಲ್ಲ.	ನಾನು ನಿಮಗೆ ಹೇಗೆ ಧನ್ಯವಾದಗಳು ಎಂದು ನನಗೆ ಗೊತ್ತಿಲ್ಲ.	ನಾನು ಧನ್ಯವಾದ ಹೇಗೆ ನಾನು ಗೊತ್ತಿಲ್ಲ.
3733157	4784820	eng	kan	I must be getting home.	ನಾನು ಮನೆಗೆ ಹೊರಡುತ್ತಾ ಇರಬೇಕು.	ನಾನು ಮನೆಗೆ ಹೋಗುತ್ತಿರಬೇಕು.	ನಾನು ಮನೆಗೆ ಪಡೆಯುವಲ್ಲಿ ಮಾಡಬೇಕು.
3733501	4776855	eng	kan	Stupidity is no excuse.	ಮೂರ್ಖತನಕ್ಕೆ ಯಾವ ಕ್ಷಮೆಯು ಇಲ್ಲ.	ದಡ್ಡತೆ ಕ್ಷಮಿಸಿಲ್ಲ.	ಮೂರ್ಖತನದ ಯಾವುದೇ ಕ್ಷಮಿಸಿ ಹೊಂದಿದೆ.
3790966	4774189	eng	kan	Open your book on page nine.	ನಿಮ್ಮ ಪುಸ್ತಕವನ್ನು ಒಂಬತ್ತನೆಯ ಪುಟಕ್ಕೆ ತೆರೆಯಿರಿ.	ಪುಟ ಒಂಬತ್ತನೆಯ ನಿಮ್ಮ ಪುಸ್ತಕವನ್ನು ತೆರೆಯಿರಿ.	ಪುಟ ಒಂಬತ್ತು ಮೇಲೆ ನಿಮ್ಮ ಪುಸ್ತಕ ತೆರೆಯಿರಿ.
3818115	4774766	eng	kan	I no longer feel that way about you.	ನಾನು ನಿನನ್ನು ಇನ್ನು ಮುಂದೆ ಅದೇ ರೀತಿಯಲ್ಲಿ ಭಾವಿಸುವುದಿಲ್ಲ.	ನಾನು ಇನ್ನು ಮುಂದೆ ನಿಮ್ಮ ಬಗ್ಗೆ ಹಾಗೆ ಭಾವಿಸುವುದಿಲ್ಲ.	ನಾನು ಇನ್ನು ಮುಂದೆ ನಿಮ್ಮ ಬಗ್ಗೆ ಆ ರೀತಿ ಭಾವನೆ.
3822569	4775458	eng	kan	Why are you thanking me?	ನೀವು ಯಾಕೆ ನನಗೆ ಧನ್ಯವಾದ ಹೇಳುತ್ತೀರಾ?	ನೀವು ಯಾಕೆ ನನಗೆ ಧನ್ಯವಾದಗಳು?	ಯಾಕೆ ನನ್ನ thanking ಮಾಡಲಾಗುತ್ತದೆ?
3858718	4774185	eng	kan	I saw the girl.	ನಾನು ಆ ಹುಡುಗಿ ನೋಡಿದೆ.	ನಾನು ಹುಡುಗಿಯನ್ನು ನೋಡಿದೆ.	ನಾನು ಹುಡುಗಿ ಕಂಡಿತು.
4011833	4774770	eng	kan	What could possibly have gone wrong?	ತಪ್ಪು ಆಗುವುದಕ್ಕೆ ಹೇಗೆ ಸಾಧ್ಯ?	ಬಹುಶಃ ತಪ್ಪಾಗಿರಬಹುದು?	ಏನು ಬಹುಶಃ ಗಾನ್ ತಪ್ಪು ತೋರಿಸಬಹುದಿತ್ತು?
4016334	4775463	eng	kan	Isn't that what we should be doing?	ಅದೇ ನಾವು ಮಾಡ್ಬೇಕು ಅಲ್ಲವ?	ನಾವು ಏನು ಮಾಡಬೇಕು?	ನಾವು ಏನು ಕ್ರಮ ಇದೆ ತೆಗೆದುಹಾಕಿ?
4132341	4776840	eng	kan	I thought the food was too greasy.	ಆಹಾರಕ್ಕೆ ತುಂಬಾ ಎಣ್ಣೆ ಇತ್ತು ಅಂತ ಅನಿಸಿತು.	ಆಹಾರ ತುಂಬಾ ದುಃಖಕರ ಎಂದು ನಾನು ಭಾವಿಸಿದೆ.	ನಾನು ಆಹಾರ ತುಂಬಾ ಜಿಡ್ಡಿನ ಭಾವಿಸಿದರು.
4494014	4774772	eng	kan	That's not really a solution.	ಅದು ಪರಿಹಾರ ಇಲ್ಲವೇ ಇಲ್ಲ.	ಅದು ನಿಜವಾಗಿಯೂ ಪರಿಹಾರವಲ್ಲ.	ವಾಸ್ತವಾಗಿ ಪರಿಹಾರ ಅಲ್ಲ.
4494095	4774649	eng	kan	This is a horrible tragedy.	ಇದು ಭಯಾನಕವಾದ ದುರಂತ.	ಇದು ಭಯಾನಕ ದುರಂತ.	ಈ ಒಂದು ಭಯಾನಕ ದುರಂತದಲ್ಲಿ.
4497587	4776868	eng	kan	Do you know what Tom's last name is?	ಟಮಿನ ಉಪನಾಮ ಏನು ಅಂತ ನಿಮಗೆ ಗೊತ್ತ?	ಟಾಮ್ ಅವರ ಕೊನೆಯ ಹೆಸರು ಏನು ಎಂದು ನಿಮಗೆ ತಿಳಿದಿದೆಯೇ?	ನೀವು ಟಾಮ್ ಕೊನೆಯ ಹೆಸರನ್ನು ಏನು ಗೊತ್ತೇ?
4501171	4784813	eng	kan	We needed it.	ನಮಗೆ ಬೇಕಾಗಿತ್ತು.	ನಮಗೆ ಅದು ಬೇಕು.	ನಾವು ಇದು ಅಗತ್ಯವಿದೆ.
4609657	4774188	eng	kan	Her voice is better.	ಅವಳ ಧ್ವನಿ ಉತ್ತಮವಾಗಿದೆ.	ಅವಳ ಧ್ವನಿ ಉತ್ತಮವಾಗಿದೆ.	ಆಕೆಯ ಧ್ವನಿಯ ಉತ್ತಮ.
4664031	4776858	eng	kan	It cost twice as much as we expected.	ನಾವು ಎಷ್ಟು ನಿರೀಕ್ಷಿಸುತ್ತಾ ಇದ್ದವೋ ಅದಕ್ಕಿಂತ ಎರಡರಷ್ಟು ಬೆಲೆ ಆಯಿತು.	ನಾವು ನಿರೀಕ್ಷಿಸಿದ ಎರಡು ಪಟ್ಟು ವೆಚ್ಚವಾಗುತ್ತದೆ.	ನಾವು ನಿರೀಕ್ಷಿಸಲಾಗಿದೆ ಹೆಚ್ಚು ಎರಡರಷ್ಟು ವೆಚ್ಚ.
4666359	4784791	eng	kan	Tom is a real competitor.	ಟಾಮ್ ಒಬ್ಬ ಒಳ್ಳೆಯ ಪ್ರತಿಸ್ಪರ್ಧಿ.	ಟಾಮ್ ನಿಜವಾದ ಸ್ಪರ್ಧಿ.	ಟಾಮ್ ನಿಜವಾದ ಸ್ಪರ್ಧಿ.
4774182	2916062	eng	kan	The boy who came yesterday was my younger brother.	ನಿನ್ನೆ ಬಂದ ಹುಡುಗ ನನ್ನ ತಮ್ಮ ಆಗಿದ್ದ	ನಿನ್ನೆ ಬಂದ ಹುಡುಗ ನನ್ನ ಕಿರಿಯ ಸಹೋದರ.	ನಿನ್ನೆ ಬಂದ ಹುಡುಗ ನನ್ನ ಕಿರಿಯ ಸಹೋದರ.
4931383	2909783	eng	kan	I come inside to drink coffee.	ಒಂದು ಕಾಫಿ ಕುಡಿಯುವುದಕ್ಕೆ ಹೊರಗೆ ಹೋಗುತ್ತೇನೆ	ನಾನು ಕಾಫಿ ಕುಡಿಯಲು ಒಳಗೆ ಬರುತ್ತೇನೆ.	ನಾನು ಪಾನೀಯ ಕಾಫೀ ಒಳಗೆ ಬರುತ್ತವೆ.
4969644	4969643	eng	kan	To be honest, I really don't know.	ಪ್ರಾಮಾಣಿಕವಾಗಿ ಹೇಳಬೇಕೆಂದರೆ, ನಾನು ಗೊತ್ತಿಲ್ಲ	ಪ್ರಾಮಾಣಿಕವಾಗಿರಲು, ನನಗೆ ನಿಜವಾಗಿಯೂ ಗೊತ್ತಿಲ್ಲ.	ಪ್ರಾಮಾಣಿಕವಾಗಿ ಹೇಳಬೇಕೆಂದರೆ, ನಾನು ಗೊತ್ತಿಲ್ಲ.
5214130	4776868	eng	kan	Do you know what Tom's surname is?	ಟಮಿನ ಉಪನಾಮ ಏನು ಅಂತ ನಿಮಗೆ ಗೊತ್ತ?	ಟಾಮ್ ಅವರ ಉಪನಾಮ ಏನು ಎಂದು ನಿಮಗೆ ತಿಳಿದಿದೆಯೇ?	ನೀವು ಟಾಮ್ ಉಪನಾಮವನ್ನು ಏನು ಗೊತ್ತೇ?
5371599	5387094	eng	kan	A few firefighters suffered minor injuries.	ಕೆಲವೊಂದು ಅಗ್ನಿಶಾಮಕರು ಗಾಯ ಪಟ್ಟರು.	ಕೆಲವು ಅಗ್ನಿಶಾಮಕ ಯೋಧರು ಸಣ್ಣ ಗಾಯಗಳನ್ನು ಅನುಭವಿಸಿದ್ದಾರೆ.	ಕೆಲವು ಅಗ್ನಿಶಾಮಕ ಕಿರು ಗಾಯಗಳನ್ನು ಅನುಭವಿಸಿದ.
5379348	5387071	eng	kan	How did you get that scar?	ಆ ಗಾಯ ಹೇಗೆ ಸಿಕ್ಕಿತು?	ನೀವು ಆ ಗಾಯವನ್ನು ಹೇಗೆ ಪಡೆದುಕೊಂಡಿದ್ದೀರಿ?	ಹೇಗೆ ಆ ಗಾಯದ ಪಡೆಯಿತು?
5379492	5387074	eng	kan	I loved going to the beach.	ನಾನು ದಡಕ್ಕೆ ಹೋಗಲು ಇಷ್ಟಪಡುತ್ತಿದೆ.	ನಾನು ಕಡಲತೀರಕ್ಕೆ ಹೋಗಲು ಇಷ್ಟಪಟ್ಟೆ.	ನಾನು ಬೀಚ್ ಹೋಗಿ ಇಷ್ಟವಾಯಿತು.
6607701	8901622	eng	kan	My brother and I are good tennis players.	ನಾನು ನನ್ನ ಅಣ್ಣ ಇಬ್ರೂ ಒಳ್ಳೆ ಟೆನಿಸ್ ಆಟಗಾರರು	ನನ್ನ ಸಹೋದರ ಮತ್ತು ನಾನು ಉತ್ತಮ ಟೆನಿಸ್ ಆಟಗಾರರಾಗಿದ್ದೇವೆ.	ನನ್ನ ಸಹೋದರ ಮತ್ತು ನಾನು ಉತ್ತಮ ಟೆನಿಸ್ ಆಟಗಾರರಾಗಿದ್ದಾರೆ.
7770494	8902976	eng	kan	Sure.	ಖಂಡಿತ	ಖಂಡಿತ.	ಖಂಡಿತ.
8901601	8901600	eng	kan	This bag is very heavy	ಈ ಚೀಲ ತುಂಬಾ ಭಾರ	ಈ ಚೀಲ ತುಂಬಾ ಭಾರವಾಗಿರುತ್ತದೆ	ಈ ಚೀಲ ತುಂಬಾ ಭಾರವಾಗಿರುತ್ತದೆ
8901605	8901603	eng	kan	Weather is nice today	ಇವತ್ತು ವೆದರ್ ಚೆನ್ನಾಗಿದೆ	ಇಂದು ಹವಾಮಾನ ಚೆನ್ನಾಗಿದೆ	ಹವಾಮಾನ ಇಂದು ಸಂತೋಷ
8901612	8901610	eng	kan	I am not Rich	ನಾನು ಶ್ರೀಮಂತ ಅಲ್ಲ ( naanu shrimanta alla )	ನಾನು ಶ್ರೀಮಂತನಲ್ಲ	ನಾನು ಸಮೃದ್ಧ ಇಲ್ಲ
8901617	8901615	eng	kan	Look, there's my friend	ನೋಡು, ನನ್ನ ಸ್ನೇಹಿತ	ನೋಡಿ, ನನ್ನ ಸ್ನೇಹಿತನಿದ್ದಾನೆ	ನನ್ನ ಸ್ನೇಹಿತ ಇಲ್ಲ, ನೋಡಿ
8902994	8902992	eng	kan	I am very busy	ನಾನು ತುಂಬಾ ಬಿಝಿ	ನಾನು ತುಂಬಾ ಕಾರ್ಯನಿರತವಾಗಿದೆ	ನಾನು ತುಂಬಾ ಬಿಡುವಿಲ್ಲ
8902998	8902995	eng	kan	Do you need something to drink ?	ಕುಡಿಯೋಕ್ಕೆ ಏನಾದ್ರು ಬೇಕಾ ?	ನಿಮಗೆ ಕುಡಿಯಲು ಏನಾದರೂ ಬೇಕೇ?	ನೀವು ಪಾನೀಯ ಏನಾದರೂ ಬೇಕು?
8909647	8909646	eng	kan	I would love to see your son !	ನಿನ್ನ ಮಗನನ್ನು ನೋಡಲು ನನಗೆ ತುಂಬಾ ಇಷ್ಟ	ನಾನು ನಿಮ್ಮ ಮಗನನ್ನು ನೋಡಲು ಇಷ್ಟಪಡುತ್ತೇನೆ!	ನಾನು ನಿಮ್ಮ ಮಗ ನೋಡಲು ಇಷ್ಟಪಡುತ್ತೇನೆ!
8909651	8909649	eng	kan	Oh !! I just saw an apparition !!	ಅಯ್ಯೋ !! ಈಗ ತಾನೇ ನಾನು ದೆವ್ವದ ರೂಪ ನೋಡಿದೆ !!	ಓಹ್! ನಾನು ಕೇವಲ ಒಂದು ಪ್ರಭಾವವನ್ನು ನೋಡಿದೆ!	ಓಹ್ !! ನಾನು ಪ್ರೇತವನ್ನು ಕಂಡಿತು !!
8909659	8909658	eng	kan	Sewage water is being treated in this town.	ಈ ಊರಿನಲ್ಲಿ ಕೊಳಚೆ ನೀರಿನ ಶುದ್ದೀಕರಣ ನಡೆಯುತ್ತೆ .	ಈ ಪಟ್ಟಣದಲ್ಲಿ ನೀರು ಚಿಕಿತ್ಸೆ ನೀಡಲಾಗುತ್ತಿದೆ.	ಚರಂಡಿ ನೀರು ಇದಕ್ಕೆ ಪಟ್ಟಣದಲ್ಲಿ ಚಿಕಿತ್ಸೆ ಮಾಡಲಾಗುತ್ತಿದೆ.
8909669	8909666	eng	kan	This wheel wobbles when it runs	ಈ ಚಕ್ರ ಓಡೋವಾಗ ಅಲ್ಲಾಡುತ್ತೆ	ಇದು ಚಲಿಸುವಾಗ ಈ ಚಕ್ರ ಊದಿಕೊಳ್ಳುತ್ತದೆ	ಇದು ಸಾಗಿದಾಗ ಈ ಚಕ್ರ wobbles
8909673	8909670	eng	kan	He always carries a pocketknife	ಅವನತ್ರ ಯಾವಾಗಲೂ ಜೇಬಲ್ಲಿ ಕತ್ತಿಇರುತ್ತೆ	ಅವರು ಯಾವಾಗಲೂ ಪಾಕೆಟ್ ಕ್ವಿಫ್ ಸಾಗಿಸುತ್ತಾರೆ	ಅವರು ಯಾವಾಗಲೂ ಒಂದು pocketknife ಒಯ್ಯುತ್ತದೆ
9315351	4776872	eng	kan	Don't forget to put the fire out.	ಬೆಂಕಿಯನ್ನು ನಂದಿಸುವುದಕ್ಕೆ ಮರೆಯಬೇಡಿ.	ಬೆಂಕಿಯನ್ನು ಹೊರಹಾಕಲು ಮರೆಯಬೇಡಿ.	ಬೆಂಕಿ ಆರಿಸಲು ಮರೆಯಬೇಡಿ.