SRC_ID	TGT_ID	SRC_LANG	TGT_LANG	SRC_SENT	TGT_SENT	PRED
1482	7217008	eng	tel	I don't speak Japanese.	నేను జపనీస్ మాట్లాడను	నేను జపనీస్ మాట్లాడను.
16265	7204806	eng	tel	What will you have?	నువ్వు ఏమి తీసుకుంటావ్?	మీకు ఏమి ఉంటుంది?
16935	7207856	eng	tel	Tell me about your daily life.	నీ రోజువారీ జీవితం గురించి చెప్పు	మీ రోజువారీ జీవితం గురించి చెప్పు.
17678	7204876	eng	tel	Not only you but I also was to blame.	నిన్నే కాదు నన్ను కూడా నిందించాల్సి వుంది	మీరు మాత్రమే కాదు నేను కూడా నిందించాల్సి వచ్చింది.
18946	7204204	eng	tel	With her heart pounding, she opened the door.	తన గుండె కొట్టుకుంటూనే ఆమె తలుపు తీసింది	ఆమె గుండె కొట్టుకోవడంతో, ఆమె తలుపు తెరిచింది.
18965	7210858	eng	tel	Are you mad?	కోపమొచ్చిందా ?	మీకు పిచ్చి ఉందా?
20280	7204109	eng	tel	Are you feeling OK?	వొంట్లో ఎలా వుంది	మీరు సరే అనుభూతి చెందుతున్నారా?
22327	7204845	eng	tel	It was apparent that there was no way out.	వేరే దారి లేదని స్పష్టంగా తెలుస్తుంది	బయటకు వెళ్లడానికి మార్గం లేదని స్పష్టం చేశారు.
24729	7204248	eng	tel	We need money to do anything.	ఏం చెయ్యాలన్నా మనకి డబ్బులు కావాలి	ఏదైనా చేయటానికి మాకు డబ్బు అవసరం.
24804	7204881	eng	tel	You have no need to be ashamed.	నువ్వు సిగ్గు పడాల్సిన అవసరం లేదు	మీరు సిగ్గుపడవలసిన అవసరం లేదు.
25247	7207597	eng	tel	Do you have anything further to say?	ఆ పైన ఇంకేమైనా చెప్పేది వుందా ?	మీకు ఇంకా ఏదైనా చెప్పాలా?
26044	7210865	eng	tel	The station is nearby.	స్టేషన్ దగ్గర్లో వుంది	స్టేషన్ సమీపంలో ఉంది.
27269	7204372	eng	tel	Can you tell me where the nearest bus stop is?	దగ్గరలో వున్న బస్ స్టాప్ ఎక్కడో కొంచెం చెప్తావా	సమీప బస్ స్టాప్ ఎక్కడ ఉందో మీరు నాకు చెప్పగలరా?
28129	7233060	eng	tel	Wrong.	తప్పు	తప్పు.
30542	7233061	eng	tel	Definitely!	తప్పకుండా	ఖచ్చితంగా!
31331	1098684	eng	tel	Have you finished your homework?	హోమ్‌వర్క్ చేశావా ?	మీరు మీ ఇంటి పని పూర్తి చేశారా?
31555	7204262	eng	tel	It's high time you left for school, isn't it?	స్కూలుకి బయలుదేరే సమయం అయ్యింది, కాదా	మీరు పాఠశాలకు బయలుదేరిన అధిక సమయం ఇది, కాదా?
35020	4639432	eng	tel	Have you ever been to Paris?	నువ్వు ఎప్పుడైనా పారిస్ వెళ్ళావా?	మీరు ఎప్పుడైనా పారిస్ కు వెళ్ళారా?
36524	7207636	eng	tel	That sounds really interesting.	అది చాలా ఆసక్తికరంగా ఉన్నట్లు ఉంది	ఇది నిజంగా ఆసక్తికరంగా అనిపిస్తుంది.
38529	9253659	eng	tel	Please be careful not to let the dog loose.	దయచేసి కుక్కను వదిలిపెట్టకుండ జాగ్రత్త వహించండి.	కుక్కను వదులుకోకుండా జాగ్రత్తపడండి.
42015	7210869	eng	tel	Some of the dogs are alive.	కొన్ని కుక్కలు బ్రతికే ఉన్నాయి	కుక్కలు కొన్ని సజీవంగా ఉన్నాయి.
44474	7204849	eng	tel	What's in the box?	పెట్టె లో ఏముంది?	పెట్టెలో ఏముంది?
57358	7207639	eng	tel	You can eat lunch here in this room.	నువ్వు భోజనం ఇక్కడ ఈ గదిలో తినొచ్చు	మీరు ఈ గదిలో ఇక్కడ భోజనం తినవచ్చు.
69117	7217004	eng	tel	You must speak in a loud voice.	నువ్వు గట్టిగా మాట్లాడాలి	మీరు బిగ్గరగా గొంతులో మాట్లాడాలి.
69223	1098684	eng	tel	Have you done your homework?	హోమ్‌వర్క్ చేశావా ?	మీరు మీ ఇంటి పని చేశారా?
70860	7204888	eng	tel	Which is your pen?	నీ కలం ఏది ?	మీ పెన్ను ఏది?
241983	7217075	eng	tel	I'll let it go this time.	నేను ఈసారికి వదిలేస్తాను	నేను ఈసారి దాన్ని వీడతాను.
242365	7210873	eng	tel	When will you next visit?	మళ్ళీ ఎప్పుడు వస్తావు?	మీరు తదుపరి ఎప్పుడు సందర్శిస్తారు?
243424	7204343	eng	tel	Mike is coming to dinner this evening.	సాయంత్రం భోజనానికి మైక వస్తున్నాడు	మైక్ ఈ సాయంత్రం విందుకు వస్తోంది.
245413	7204861	eng	tel	Don't interfere with my work.	నా పని లో అడ్డు రాకు.	నా పనిలో జోక్యం చేసుకోవద్దు.
245574	7204120	eng	tel	My sister is crazy about tennis.	మా అక్కకి టెన్నిసంటే పిచ్చి	నా సోదరి టెన్నిస్ గురించి పిచ్చిగా ఉంది.
245728	7207645	eng	tel	Children are fond of cake.	పిల్లలకి కేక్ అంటే ఇష్టం	పిల్లలకు కేక్ అంటే చాలా ఇష్టం.
248740	7210876	eng	tel	We played basketball yesterday.	మేము నిన్న బాస్కెట్ బాల్ ఆడాము	మేము నిన్న బాస్కెట్ బాల్ ఆడాము.
255560	7216934	eng	tel	I heard the bell ring.	నాకు గంట మోగటం వినపడింది	నేను బెల్ రింగ్ విన్నాను.
256734	7233062	eng	tel	I've made a mistake, though I didn't intend to.	నేనో పొరపాటు చేసాను, కావాలని కాకపోయినా.	నేను ఉద్దేశించకపోయినా నేను తప్పు చేసాను.
260166	7217003	eng	tel	I'm sure he will come.	నాకు తెలుసు అతను వస్తాడు	అతను వస్తాడని నేను ఖచ్చితంగా అనుకుంటున్నాను.
270867	7204082	eng	tel	You may go swimming or fishing.	నువ్వు ఈత కొట్టడానికో లేక చేపలు పట్టడానికో వెళ్ళొచ్చు	మీరు ఈత లేదా ఫిషింగ్ వెళ్ళవచ్చు.
272304	7207777	eng	tel	The baby is crying for milk.	పసిపాప పాల కోసం ఏడుస్తుంది	పాలు కోసం బిడ్డ ఏడుస్తోంది.
282910	7216946	eng	tel	What he says makes no sense at all.	ఆటను చెప్పేది ఏం అర్ధం పర్థం లేకుండా ఉంది	అతను చెప్పేది అస్సలు అర్ధం కాదు.
293614	7207766	eng	tel	He was a great poet as well as a doctor.	ఆటను ఒక గొప్ప కవే కాదు మంచి వైద్యుడు కూడా	అతను ఒక గొప్ప కవి అలాగే ఒక వైద్యుడు.
297859	7216947	eng	tel	He earns three times as much as I.	అతడు నాకన్నా మూడు రెట్లు ఎక్కువ సంపాదిస్తాడు	అతను నాకన్నా మూడు రెట్లు సంపాదిస్తాడు.
301817	7207796	eng	tel	He hung up.	అతను పెట్టేసాడు	అతను వేలాడదీశాడు.
302733	7207648	eng	tel	He made her a bookshelf.	అతను ఆమెకి పుస్తకాల అర తయారు చేసాడు	అతను ఆమెను బుక్ షెల్ఫ్ చేశాడు.
305115	7233156	eng	tel	None of them are present.	వాళ్లెవరు రాలేదు	వాటిలో ఏవీ లేవు.
307982	7204890	eng	tel	Do you know the reason why she is so angry?	తను ఎందుకు అంత కోపంగా ఉందొ నీకు తెలుసా ?	ఆమె అంత కోపంగా ఉండటానికి కారణం మీకు తెలుసా?
310155	7207652	eng	tel	She taught music for thirty years.	ఆమె ముప్పై ఏళ్ళ పాటు సంగీతం నేర్పిస్తుంది	ఆమె ముప్పై సంవత్సరాలు సంగీతం నేర్పింది.
313008	7204188	eng	tel	She was on her way to school.	తను స్కూలుకు వెళ్ళే దారిలో వుంది	ఆమె పాఠశాలకు వెళుతోంది.
313241	7210883	eng	tel	She was pale with fear.	ఆమె భయంతో తెల్లబోయింది	ఆమె భయంతో లేతగా ఉంది.
313695	7207865	eng	tel	She's not at home now.	తను ఇప్పుడు ఇంటి దగ్గర లేదు	ఆమె ఇప్పుడు ఇంట్లో లేదు.
314190	7204349	eng	tel	She asked me how many languages I spoke.	నేను ఎన్ని భాషలు మట్లాడుతానని తను అడిగింది	నేను ఎన్ని భాషలు మాట్లాడాను అని ఆమె నన్ను అడిగారు.
316112	7204893	eng	tel	She scared the cat away.	ఆవిడ పిల్లిని భయపెట్టి తరిమేసింది .	ఆమె పిల్లిని భయపెట్టింది.
317576	7204353	eng	tel	We'd better leave her alone.	తనని ఒంటరిగా వదిలెయ్యడం మంచిది	మేము ఆమెను ఒంటరిగా వదిలివేయడం మంచిది.
322432	7216949	eng	tel	Brush your teeth every day.	నీ పళ్ళు రోజూ తోముకో	ప్రతిరోజూ మీ దంతాలను బ్రష్ చేయండి.
323741	7204361	eng	tel	Out of sight, out of mind.	చూపుకి వెలుపల​, మనసుకి వెలుపల​	దృష్టిలో లేదు, మనస్సు నుండి.
333479	7216932	eng	tel	My dad is not at home for the moment.	మా నాన్న ప్రస్తుతం ఇంటి దగ్గర లేడు	నాన్న ప్రస్తుతానికి ఇంట్లో లేరు.
373320	3939569	eng	tel	How are you?	మీరు ఎలా వున్నారు?	మీరు ఎలా ఉన్నారు?
373320	3939570	eng	tel	How are you?	నువ్వు ఎలా వున్నావు?	మీరు ఎలా ఉన్నారు?
387384	4641854	eng	tel	A cat came out from under the desk.	ఒక పిల్లి డెస్క్ కింద నుండి బయటకు వచ్చింది.	డెస్క్ కింద నుండి ఒక పిల్లి బయటకు వచ్చింది.
400390	7204364	eng	tel	It's difficult to speak English well.	ఇంగ్లీషు బాగా మట్లాడటం కష్టం	ఇంగ్లీష్ బాగా మాట్లాడటం కష్టం.
413731	1166006	eng	tel	One, two, three, four, five, six, seven, eight, nine, ten.	ఒకటి, రెండు, ముడు, నాలుగు, ఐదు, ఆరు, ఏడు, ఎనిమిది, తొమ్మిదు, పది.	ఒకటి, రెండు, మూడు, నాలుగు, ఐదు, ఆరు, ఏడు, ఎనిమిది, తొమ్మిది, పది.
428402	4546242	eng	tel	What time is it?	సమయం ఎంత అయ్యింది?	ఇది ఏ సమయం?
434374	7216930	eng	tel	Can I make a phone call?	నేను ఒక ఫోన్ చేసుకోవచ్చా ?	నేను ఫోన్ కాల్ చేయవచ్చా?
434948	7204367	eng	tel	He is teaching Spanish to the children.	అతను పిల్లలకి స్పానిష్ నేర్పుతున్నాడు	అతను పిల్లలకు స్పానిష్ బోధిస్తున్నాడు.
435429	7217073	eng	tel	I dislike coffee.	నాకు కాఫీ ఇష్టం లేదు	నేను కాఫీని ఇష్టపడను.
436543	7233063	eng	tel	I don't know where they are.	వాళ్ళు ఎక్కడ ఉన్నారో నాకు తెలియదు	వారు ఎక్కడ ఉన్నారో నాకు తెలియదు.
445023	3543072	eng	tel	What did you talk about?	మీరు దేని గురించి మాట్లాడారు.	మీరు దేని గురించి మాట్లాడారు?
445023	3543073	eng	tel	What did you talk about?	నువ్వు దేని గురించి మాట్లాడావు ?	మీరు దేని గురించి మాట్లాడారు?
455281	7217010	eng	tel	She's not a doctor.	ఆమె వైద్యురాలు కాదు	ఆమె డాక్టర్ కాదు.
456425	7207771	eng	tel	My head hurts.	నా తల నొప్పిపుడుతుంది	నా తల బాధిస్తుంది.
456539	7210890	eng	tel	Old people walk slowly.	ముసలివాళ్లు నెమ్మదిగా నడుస్తారు	వృద్ధులు నెమ్మదిగా నడుస్తారు.
462428	7216996	eng	tel	Show me where it hurts you.	ఎక్కడ నొప్పి పుడుతుందో నాకు చూపించు	ఇది మిమ్మల్ని బాధపెడుతున్న చోట నాకు చూపించు.
483626	7216954	eng	tel	Come, I'll serve some for you.	రా, నీకు కూడా కొంచెం పెడతా	రండి, నేను మీ కోసం కొన్ని సేవ చేస్తాను.
486630	7217067	eng	tel	Can you see that?	నువ్వు అది చూసావా ?	మీరు చూడగలరా?
501258	7204894	eng	tel	She sat on the bench.	ఆమె బల్ల మీద కూర్చుంది .	ఆమె బెంచ్ మీద కూర్చుంది.
547389	4642416	eng	tel	This is not a sentence.	ఇది ఒక వాక్యం కాదు.	ఇది వాక్యం కాదు.
603677	7233064	eng	tel	He took revenge.	అతను ప్రతీకారం తీర్చుకున్నాడు	అతను ప్రతీకారం తీర్చుకున్నాడు.
682419	7210896	eng	tel	Which color do you prefer, blue or green?	నీకు ఏ రంగు అంటే ఇష్టం , నీలమా లేక పచ్ఛా ?	నీలం లేదా ఆకుపచ్చ రంగు మీరు ఏ రంగు ఇష్టపడతారు?
696972	7207772	eng	tel	Have you ever had a heart attack?	నీకు ఎప్పుడైనా గుండెపోటు వచ్చిందా	మీకు ఎప్పుడైనా గుండెపోటు వచ్చిందా?
701897	4639482	eng	tel	More coffee, please.	దయచేసి ఇంకొంచం కాఫీ ఇవ్వరా.	దయచేసి మరింత కాఫీ.
716344	7204896	eng	tel	She breathed in the cold air.	ఆమె చల్ల గాలి పీల్చింది .	ఆమె చల్లని గాలి లో he పిరి పీల్చుకుంది.
748737	7207657	eng	tel	This plant has some burnt leaves.	ఈ మొక్కకి కొన్ని కాలిన ఆకులు వున్నాయి	ఈ మొక్క కొన్ని కాలిన ఆకులు ఉన్నాయి.
939608	7207661	eng	tel	The movie's about to start.	చలనచిత్రం మొదలు అవ్వబోతుంది	సినిమా ప్రారంభం కానుంది.
1064331	4639535	eng	tel	It wasn't my fault.	అది నా తప్పు కాదు.	ఇది నా తప్పు కాదు.
1086213	1098720	eng	tel	What's the time now?	ఇప్పుడు టైమ్ ఎంత ?	ఇప్పుడు సమయం ఏమిటి?
1098540	3543113	eng	tel	Thank you for greeting me.	నన్ను పలకరించినందుకు కృతజ్ఞతలు.	నన్ను పలకరించినందుకు ధన్యవాదాలు.
1098559	3543112	eng	tel	I'll start swimming very soon.	నేను ఈదటం ఎంతో తొందరగా మొదలుపెడతాను.	నేను అతి త్వరలో ఈత ప్రారంభిస్తాను.
1098563	3543111	eng	tel	Bananas are delicious.	అరటిపళ్ళు రుచికరంగా ఉంటాయి.	అరటిపండ్లు రుచికరమైనవి.
1098568	3543098	eng	tel	That's a party.	ఆది ఒక పార్టీ.	అది ఒక పార్టీ.
1098570	3543087	eng	tel	This is me eating a banana.	ఇది నేను అరటిపండు తింటూ ఉండగా.	ఇది నేను అరటి తినడం.
1098574	3543084	eng	tel	I remembered that you were my brother.	నువ్వు నా తమ్ముడివని నాకు గుర్తొచ్చింది.	మీరు నా సోదరుడు అని నాకు జ్ఞాపకం వచ్చింది.
1098579	3543082	eng	tel	People believe that god exists.	దేవుడున్నాడని జనాలు నమ్ముతారు.	దేవుడు ఉన్నాడని ప్రజలు నమ్ముతారు.
1098625	3543074	eng	tel	My computer is expensive.	నా కంప్యూటర్ ఖరీదైనది.	నా కంప్యూటర్ ఖరీదైనది.
1098632	1098630	eng	tel	He is Ramudu.	అతడు రాముడు.	ఆయన రాముడు.
1098659	1098655	eng	tel	Read this.	ఇది చదువు.	ఇది చదవండి.
1098663	1098660	eng	tel	Have you finished your meal?	భోజనం చేశావా ?	మీరు మీ భోజనం పూర్తి చేశారా?
1098666	1098665	eng	tel	What! Is this true?	ఎమిటీ! ఇది నిజమా?	ఏమిటి! ఇది నిజమేనా?
1098668	1098667	eng	tel	Ramudu came.	రాముడు వచ్చాడు.	రాముడు వచ్చాడు.
1098670	1098669	eng	tel	Sita smiled.	సీత నవ్వింది.	సీత నవ్వింది.
1098672	1098671	eng	tel	The baby cried.	పాప ఏడ్చింది.	శిశువు ఏడ్చింది.
1098674	1098673	eng	tel	Lalita called.	లలిత పిలిచింది.	లలిత పిలిచింది.
1098677	1098676	eng	tel	Ramudu came to school.	రాముడు బడికి వచ్చాడు.	రాముడు పాఠశాలకు వచ్చాడు.
1098679	1098678	eng	tel	Sita smiled pleasantly.	సీత అందంగా నావ్వింది.	సీత ఆహ్లాదంగా నవ్వింది.
1098681	1098680	eng	tel	The baby cried loudly.	పాప బిగ్గరగా ఏడ్చింది.	బిడ్డ గట్టిగా కేకలు వేసింది.
1098683	1098682	eng	tel	Lalita called us to the wedding.	లలిత పెళ్ళికి పిలిచింది.	లలిత మమ్మల్ని పెళ్లికి పిలిచింది.
1098687	1098686	eng	tel	Has Lata come?	లత వచ్చిందా?	లత వచ్చిందా?
1098689	1098688	eng	tel	Has the rose blossomed?	గులాబీ పూసిందా?	గులాబీ వికసించిందా?
1098691	1098690	eng	tel	Is the work done?	పని పూర్తయిందా?	పని పూర్తయిందా?
1098693	1098692	eng	tel	Has the red rose blossomed?	ఎర్ర గులాబీ పూసిందా ?	ఎరుపు గులాబీ వికసించిందా?
1098695	1098694	eng	tel	Has Lata come from school?	లత స్కూల్ నుండి వచ్చిందా?	లత పాఠశాల నుండి వచ్చిందా?
1098697	1098696	eng	tel	Did you do yesterday's homework?	నిన్నటి హోమ్‌వర్క్ చేశావా ?	మీరు నిన్నటి హోంవర్క్ చేశారా?
1098699	1098698	eng	tel	I asked you, "is the work done?"	నేను చెప్పిన పని పూర్తయిందా?	నేను నిన్ను అడిగాను, "పని చేశారా?"
1098702	1098701	eng	tel	Why did you call me?	నన్ను ఎందుకు పిలిచావు?	నన్ను ఎందుకు పిలిచారు?
1098704	1098703	eng	tel	How did you draw this picture?	ఈ బొమ్మ ఎలా వేశావు ?	మీరు ఈ చిత్రాన్ని ఎలా గీసారు?
1098706	1098705	eng	tel	When will Sita go to Eluru?	సీత ఏలూరు ఎప్పుడు వెళ్తుంది?	సీత ఎప్పుడు ఏలూరు వెళ్తుంది?
1098709	1098707	eng	tel	What is the price of that book?	ఆ పుస్తకం వెల ఎంత ?	ఆ పుస్తకం ధర ఎంత?
1098712	1098710	eng	tel	When will uncle come from Vijayawada?	మామయ్య విజయవాడ నుంచి ఎప్పుడు వస్తారు?	విజయవాడ నుంచి మామయ్య ఎప్పుడు వస్తాడు?
1098721	1098720	eng	tel	What is the time now?	ఇప్పుడు టైమ్ ఎంత ?	ఇప్పుడు సమయం ఏమిటి?
1098723	1098722	eng	tel	Where is Mary?	మేరీ ఎక్కడ ఉంది?	మేరీ ఎక్కడ?
1098726	1098725	eng	tel	At what time should we go to the station?	స్టేషన్కు ఎన్ని గంటలకు వెళ్ళాలి ?	ఏ సమయంలో మనం స్టేషన్ కు వెళ్లాలి?
1098729	1098727	eng	tel	How many mangoes do you want?	నీకు ఎన్ని మామిడిపండ్లు కావాలి?	మీకు ఎన్ని మామిడి పండ్లు కావాలి?
1098729	4960795	eng	tel	How many mangoes do you want?	మీకు ఎన్ని మామిడిపండ్లు కావాలి?	మీకు ఎన్ని మామిడి పండ్లు కావాలి?
1098734	1098733	eng	tel	Bring tea.	టీ తీసుకురా.	టీ తీసుకురండి.
1098736	1098735	eng	tel	Go there.	అక్కడికి వెళ్ళు.	అక్కడికి వెళ్ళండి.
1098740	1098737	eng	tel	Give this to Ramu.	రాముకి ఇవ్వు.	ఇది రాముకు ఇవ్వండి.
1098742	1098741	eng	tel	Read this in the evening!	ఇది సయంత్రం చదువు.	సాయంత్రం ఇది చదవండి!
1098744	1098743	eng	tel	Bring tea immediately!	టీ వెంటనే తీసుకురా!	వెంటనే టీ తీసుకురండి!
1098746	1098745	eng	tel	Go there tomorrow!	రేపు అక్కడికి వెళ్లు!	రేపు అక్కడికి వెళ్ళు!
1098754	1098753	eng	tel	Give this book to Ramu.	ఈ పుస్తకం రాముకి ఇవ్వు.	ఈ పుస్తకాన్ని రాముకు ఇవ్వండి.
1098757	1098756	eng	tel	Oh! Marvelous!	అ! ఆశ్సర్యం!	ఓహ్! అద్భుతమైన!
1098761	1098758	eng	tel	Oh! Is it true?	ఆ! ఇది నిజమా?	ఓహ్! ఇది నిజమేనా?
1098763	1098762	eng	tel	Aw, has he fallen!	అయ్యో! పడిపోయాడా!	అయ్యో, అతను పడిపోయాడా!
1098765	1098764	eng	tel	Ah! How beautiful the Taj Mahal is!	ఆహా! తాజ్ మహల్ ఎంత బాగుంది!	ఆహ్! తాజ్ మహల్ ఎంత అందంగా ఉంది!
1098768	1098767	eng	tel	The picture is nice, well done!	శభాష్! బొమ్మ బాగుంది!	చిత్రం బాగుంది, బాగా చేసారు!
1098771	1098769	eng	tel	Oh! Is what you said true?	ఆ! మీరు చెప్పింది నిజమా?	ఓహ్! మీరు చెప్పినది నిజమేనా?
1098774	1098772	eng	tel	Ah! How serene is this temple!	ఆహా! ఈ గుడి ఎంత ప్రశాంతంగా ఉంది!	ఆహ్! ఈ ఆలయం ఎంత ప్రశాంతంగా ఉంది!
1098778	1098776	eng	tel	Oh! Raju has fallen down the stairs!	అయ్యొ! రజు మెట్ల మీద నుంచి పడిపోయాడా!	ఓహ్! రాజు మెట్లపైకి పడిపోయాడు!
1098783	1098782	eng	tel	Well done! You have drawn this picture nicely.	శభాష్! ఈ బొమ్మ బాగా వేశావు!	బాగా చేసారు! మీరు ఈ చిత్రాన్ని చక్కగా గీసారు.
1116292	7233157	eng	tel	These pencils are the same color.	ఈ పెన్సిళ్లు ఒకే రంగులో ఉన్నాయి	ఈ పెన్సిల్స్ ఒకే రంగు.
1140042	7216929	eng	tel	What are you saying?	నువ్వు ఏం చెప్తున్నావు ?	మీరు ఏమి చెబుతున్నారు?
1233142	7204899	eng	tel	My father often falls asleep while watching television.	మా నాన్న దురదర్శిని చూస్తూనే నిద్ర పోతాడు	నా తండ్రి తరచూ టెలివిజన్ చూస్తున్నప్పుడు నిద్రపోతాడు.
1500466	7204237	eng	tel	He has two pencils. One is long and the other one is short.	తన దగ్గర రెండు పెన్సిళ్ళు వున్నాయి. ఒకటి పొడుగు ఇంకోటి పొట్టి	అతనికి రెండు పెన్సిల్స్ ఉన్నాయి.ఒకటి పొడవుగా, మరొకటి చిన్నది.
1540880	7207836	eng	tel	How about going out to eat tonight?	ఈ రాత్రి బయటకి వెళ్లి తిందామా ?	ఈ రాత్రి తినడానికి బయటకు వెళ్లడం ఎలా?
1567177	7207776	eng	tel	I began to speak.	నేను మాట్లాడటం మొదలుపెట్టాను	నేను మాట్లాడటం ప్రారంభించాను.
1580376	7207778	eng	tel	She refuses to say more about it.	ఆవిడ ఇంకా ఎక్కువ చెప్పడానికి ఒప్పుకోవట్లేదు	ఆమె దాని గురించి మరింత చెప్పడానికి నిరాకరిస్తుంది.
1635587	7216926	eng	tel	He touched me.	అతను నన్ను తాకాడు	అతను నన్ను తాకాడు.
1650282	7204906	eng	tel	This made me very sad.	ఇది నన్ను చాలా బాధ పెట్టింది	ఇది నాకు చాలా బాధ కలిగించింది.
1779911	7233094	eng	tel	She has no children.	ఆవిడకి పిల్లలు లేరు	ఆమెకు పిల్లలు లేరు.
1848706	7216956	eng	tel	That kid is a little demon.	ఆ పిల్లవాడు ఒక చిన్న రాక్షషుడు	ఆ పిల్లవాడు కొద్దిగా దెయ్యం.
1952044	7207805	eng	tel	I can't keep you here any longer.	నిన్ను ఇక్కడ ఇంకా ఎక్కువ సమయం వుంచలేను	నేను నిన్ను ఇకపై ఇక్కడ ఉంచలేను.
1975718	7207781	eng	tel	It actually isn't that simple.	అది అంత సులభం ఏం కాదు	ఇది నిజానికి అంత సులభం కాదు.
2011454	7204908	eng	tel	We want to hear it.	మేము వినాలని అనుకుంటున్నాం	మేము దానిని వినాలనుకుంటున్నాము.
2018781	7216921	eng	tel	I don't want to talk to you anymore.	నేనింక నీతో మాట్లాడదల్చుకోవట్లేదు	నేను ఇక మీతో మాట్లాడటానికి ఇష్టపడను.
2199571	7204909	eng	tel	They're animals.	వాళ్ళు మృగాలు	వారు జంతువులు.
2246046	7217065	eng	tel	I ran home.	నేను ఇంటికి పరిగెత్తాను	నేను ఇంటికి పరిగెత్తాను.
2254698	7207797	eng	tel	Who are we?	మేము ఎవరము ?	మనం ఎవరు?
2259048	7216992	eng	tel	Let's take that chance.	మనం ఆ అవకాశం తీసుకుందాం	ఆ అవకాశాన్ని తీసుకుందాం.
2268752	7207602	eng	tel	These socks don't stretch when you wash them.	ఈ సాక్స్ ఉతికినప్పుడు సాగవు	మీరు వాటిని కడిగినప్పుడు ఈ సాక్స్లు సాగవు.
2271887	4639448	eng	tel	I don't need anything.	నాకు ఏమీ అవసరంలేదు.	నాకు ఏమీ అవసరం లేదు.
2273776	7210901	eng	tel	We don't understand French.	మాకు ఫ్రెంచి అర్ధం కాదు	మాకు ఫ్రెంచ్ అర్థం కాలేదు.
2276241	7210903	eng	tel	I don't trust that guy.	నేను వాడిని నమ్మను	నేను ఆ వ్యక్తిని నమ్మను.
2283760	7217062	eng	tel	I don't accept it.	నేను అంగీకరించను	నేను అంగీకరించను.
2292324	7210911	eng	tel	He didn't keep his word.	అతను తన మాట నిలబెట్టుకోలేదు	అతను తన మాటను నిలబెట్టుకోలేదు.
2360834	7207801	eng	tel	I heard you were sick.	నీకు బాగోలేదని విన్నాను	మీరు అనారోగ్యంతో ఉన్నారని నేను విన్నాను.
2376663	4639695	eng	tel	I know you're going to say no.	నాకు నువ్వు ఒద్దని చెప్తావని తెలుసు.	మీరు నో చెప్పబోతున్నారని నాకు తెలుసు.
2406376	7204170	eng	tel	I should've been able to do that by myself.	నా అంతట నేనే చేయగలిగి వుండాల్సింది	నేను స్వయంగా అలా చేయగలిగాను.
2480901	7216962	eng	tel	The work is almost done.	పని దాదాపుగా అయిపోయింది	పని దాదాపు పూర్తయింది.
2484496	7204912	eng	tel	Do you live in this neighborhood?	నువ్వు ఈ చుట్టుపక్కల నివసిస్తున్నావా?	మీరు ఈ పరిసరాల్లో నివసిస్తున్నారా?
2540481	7216964	eng	tel	I'm really sorry about last night.	నిన్న రాత్రికి నన్ను నిజంగా క్షమించు	నిన్న రాత్రి గురించి నన్ను క్షమించండి.
2590925	7207846	eng	tel	I'll be very careful.	నేను చాలా జాగ్రత్తగా ఉంటాను	నేను చాలా జాగ్రత్తగా ఉంటాను.
2644063	7207808	eng	tel	That wasn't easy, you know.	అది అంత తేలిక కాదు, తెలుసా	అది అంత సులభం కాదు, మీకు తెలుసు.
2646703	3544063	eng	tel	Why aren't you ready?	నువ్వు ఎందుకు తయారు కాలేదు.	మీరు ఎందుకు సిద్ధంగా లేరు?
2647782	7210919	eng	tel	Where was your son?	మీ అబ్బాయి ఎక్కడ వున్నాడు ?	మీ కొడుకు ఎక్కడ ఉన్నాడు?
2648128	7216989	eng	tel	How are you coming?	నువ్వు ఎలా వస్తున్నావ్?	మీరు ఎలా వస్తున్నారు?
2666471	7217061	eng	tel	What's your room number?	నీ గది అంకె ఎంత ?	మీ గది సంఖ్య ఏమిటి?
2764252	4639457	eng	tel	He dressed up as a woman.	అతడు స్త్రీలాగా వస్త్రాలను ధరించాడు.	అతను ఒక మహిళగా దుస్తులు ధరించాడు.
2844941	3534751	eng	tel	How's everyone doing?	మీరు బాగున్నారా ?	అందరూ ఎలా ఉన్నారు?
2892382	4640120	eng	tel	Tom was very scared.	టామ్ చాలా భయపడ్డాడు.	టామ్ చాలా భయపడ్డాడు.
2953729	7207605	eng	tel	We need to hire people we can trust.	మనం నమ్మదగిన వాళ్ళనే పనిలోకి తీసుకోవాలి	మనం విశ్వసించగల వ్యక్తులను నియమించాలి.
2975968	7217020	eng	tel	I drank coffee.	నేను కాఫీ తాగాను	నేను కాఫీ తాగాను.
3000244	7207613	eng	tel	He washed the blood off his hands.	అతడు తన చేతులకి అంటిన రక్తాన్ని కడిగేసాడు	అతను తన చేతుల నుండి రక్తాన్ని కడుగుతాడు.
3001030	7207785	eng	tel	This is a pretty stupid question.	ఇది చాలా తెలివితక్కువ ప్రశ్న	ఇది చాలా తెలివితక్కువ ప్రశ్న.
3030776	4642365	eng	tel	There's no reason to be afraid.	భయపడాల్సిన కారణం ఏమీ లేదు.	భయపడటానికి కారణం లేదు.
3082628	4965400	eng	tel	Happy International Women's Day!	శుభ అంతర్జాతీయ మహిళల దినోత్సవం!	అంతర్జాతీయ మహిళా దినోత్సవం శుభాకాంక్షలు!
3129506	7210923	eng	tel	Did all this really happen?	ఇదంతా నిజంగా జరిగిందా ?	ఇవన్నీ నిజంగా జరిగాయా?
3178315	7210924	eng	tel	You must stay where you are.	నువ్వు ఎక్కడ ఉన్నవో అక్కడే ఉండు	మీరు ఎక్కడ ఉన్నారో అక్కడే ఉండాలి.
3178377	7204171	eng	tel	You have to come at once.	నువ్వు ఒక్కసారిగా రావాలి	మీరు ఒకేసారి రావాలి.
3181937	7216906	eng	tel	I don't have time to talk right now.	నాకు ఇప్పుడు మాట్లాడేంత సమయం లేదు	ప్రస్తుతం మాట్లాడటానికి నాకు సమయం లేదు.
3184018	7207694	eng	tel	Was it really that bad?	అది నిజంగా అంత చెడ్డదా ?	ఇది నిజంగా చెడ్డదా?
3219435	7207696	eng	tel	Are you still afraid something might happen?	ఏమైనా అవుతుందని ఇంకా భయపడుతున్నావా ?	ఏదో జరగవచ్చని మీరు ఇంకా భయపడుతున్నారా?
3286813	7217106	eng	tel	There was nothing left.	ఇంకేమి మిగల్లేదు	ఏమీ మిగలలేదు.
3301480	7216902	eng	tel	How tall is she?	ఆమె ఎంత పొడుగు ?	ఆమె ఎంత ఎత్తులో ఉంది?
3355618	3534751	eng	tel	Are you guys OK?	మీరు బాగున్నారా ?	మీరు అబ్బాయిలు సరేనా?
3377159	7217099	eng	tel	It's not all your fault.	ఇదంతా నీ తప్పు కాదు	ఇది మీ తప్పు కాదు.
3396553	7207841	eng	tel	When you're a father, you'll understand.	నువ్వు నాన్న అయినప్పుడు నీకు అర్ధం అవుతుంది	మీరు తండ్రిగా ఉన్నప్పుడు, మీరు అర్థం చేసుకుంటారు.
3535890	3535918	eng	tel	Why are you still not sleeping?	నువ్వు ఇంకా ఎందుకు నిద్రపొవట్లేదు.	మీరు ఇంకా ఎందుకు నిద్రపోలేదు?
3543000	3543069	eng	tel	Only animal products contain cholesterol.	జంతు పదార్ధాలు మాత్రమే కొవ్వును కలిగి ఉంటాయి.	జంతు ఉత్పత్తులు మాత్రమే కొలెస్ట్రాల్ కలిగి.
3543592	3544094	eng	tel	I'm learning the Burmese language.	నేను బర్మీస్ భాషను నేర్చుకుంటున్నాను.	నేను బర్మీస్ భాష నేర్చుకుంటున్నాను.
3543598	3544088	eng	tel	As far as I know, she's not yet married.	నాకు తెలిసినంత మటుకు తనకింకా పెళ్లి కాలేదు.	నాకు తెలిసినంతవరకు, ఆమె ఇంకా వివాహం చేసుకోలేదు.
3543608	3544085	eng	tel	My bag was nowhere to be found.	నా బాగ్ ఎక్కడా కనిపించుటలేదు.	నా బ్యాగ్ ఎక్కడా కనిపించలేదు.
3543634	3544083	eng	tel	I'm old enough to make my own decisions.	నేను నా సొంత నిర్ణయాలు తీసుకునేఅంత పెద్దవాదినయ్యాను.	నా స్వంత నిర్ణయాలు తీసుకునేంత వయస్సు నాకు ఉంది.
3543639	3544079	eng	tel	Mary bought a new dress for the party.	మేరీ పార్టీ కోసం కొత్త డ్రెస్ కొన్నది.	మేరీ పార్టీ కోసం కొత్త దుస్తులు కొన్నారు.
3543649	3544077	eng	tel	Mary bought a fake Gucci handbag.	మేరీ ఒక నఖిలీ గుచ్ఛిీ హ్యాండ్‌బ్యాగ్ కొన్నది.	మేరీ నకిలీ గుచి హ్యాండ్ బ్యాగ్ కొన్నారు.
3543674	3544076	eng	tel	Tom's girlfriend threatened to leave him.	టామ్ గర్ల్‌ఫ్రెండ్ తనని వదిలేస్తానని బెదిరించింది.	టామ్ స్నేహితురాలు అతన్ని విడిచిపెడతానని బెదిరించింది.
3543675	3544074	eng	tel	Mary's boyfriend threatened to leave her.	మేరీ బోయ్ ఫ్రెండ్ తనని వదిలేస్తానని బెదిరించాడు.	మేరీ ప్రియుడు ఆమెను విడిచిపెడతానని బెదిరించాడు.
3543690	3544073	eng	tel	Tom washed his hands and face.	టామ్ తన చేతులు మొహం కడుక్కున్నాడు.	టామ్ తన చేతులు మరియు ముఖం కడుగుతాడు.
3543692	3544072	eng	tel	Where words fail, music speaks.	ఎక్కడ పదాలు మాట్లాడలేవో అక్కడ సంగీతం మాట్లాడుతుంది.	పదాలు విఫలమైన చోట, సంగీతం మాట్లాడుతుంది.
3543737	3544068	eng	tel	What are you and Tom doing tomorrow?	రేపు నువ్వు టామ్ ఏం చేస్తున్నారు.	మీరు మరియు టామ్ రేపు ఏమి చేస్తున్నారు?
3543832	3544064	eng	tel	Tom washed the lenses of his glasses with warm, soapy water and dried them on a cloth.	తన కళ్లజోడు అద్దాలను టామ్ వేడిగా ఉన్న సబ్బు నీళ్ళతో కడిగి గుడ్డ పై ఆరాపెట్టాడు.	టామ్ తన అద్దాలు యొక్క కటకాలను వెచ్చని, సబ్బు నీటితో కడుగుతాడు మరియు ఒక వస్త్రం మీద వాటిని ఎండబెట్టాడు.
3558051	7233125	eng	tel	Her arms and legs are long.	ఆవిడ చేతులు, కాళ్ళు పొడవుగా ఉంటాయి	ఆమె చేతులు మరియు కాళ్ళు పొడవుగా ఉన్నాయి.
3593650	7204133	eng	tel	When did you quit smoking?	పొగ తాగడం ఎప్పుడు ఆపేశావ్?	మీరు ఎప్పుడు ధూమపానం మానేశారు?
3663249	3717202	eng	tel	There are islands in the sea.	సముద్రంలో ద్వీపాలు ఉన్నాయి.	సముద్రంలో ద్వీపాలు ఉన్నాయి.
3736236	7207811	eng	tel	I've thought of that.	నాకు అది తట్టింది	నేను దాని గురించి ఆలోచించాను.
3822938	7217022	eng	tel	What else can I lose?	నేను ఇంకేం కోల్పోతాను ?	నేను ఇంకా ఏమి కోల్పోతాను?
3907150	7210928	eng	tel	Why did you lie to her?	ఆమెకి అబద్దం ఎందుకు చెప్పావు ?	మీరు ఆమెతో ఎందుకు అబద్ధం చెప్పారు?
3910662	7207700	eng	tel	I never actually saw him.	నేను అతన్ని ఎప్పుడూ చూడలేదు	నేను అతనిని ఎప్పుడూ చూడలేదు.
3911508	7216900	eng	tel	We should get rid of her.	మనం తనని వదిలించుకోవాలి	మేము ఆమెను వదిలించుకోవాలి.
3913156	7217088	eng	tel	Let him stay there.	అతన్ని అక్కడ ఉండనివ్వు	అతను అక్కడే ఉండనివ్వండి.
3919324	7207859	eng	tel	It's hard to blame them.	వాళ్ళని అని ఏం లాభం లేదు	వారిని నిందించడం కష్టం.
4232520	7216987	eng	tel	Sitting down all day is bad for you.	రోజంతా కూర్చోవడం నీకు మంచిది కాదు	రోజంతా కూర్చోవడం మీకు చెడ్డది.
4320401	7217048	eng	tel	Help came too late.	సహాయం చాలా ఆలస్యముగా వచ్చింది	చాలా ఆలస్యంగా సహాయం వచ్చింది.
4502017	7217027	eng	tel	You seem very happy.	నువ్వు చాలా సంతోషంగా ఉన్నట్లున్నావ్	మీరు చాలా సంతోషంగా ఉన్నారు.
4555662	7207853	eng	tel	Is there water there?	అక్కడ మంచి నీళ్లు ఉన్నాయా ?	అక్కడ నీరు ఉందా?
4648997	7216869	eng	tel	Where did you put my book?	నా పుస్తకం ఎక్కడ పెట్టావ్?	మీరు నా పుస్తకం ఎక్కడ ఉంచారు?
4703087	7216983	eng	tel	He's my son.	అతను మా అబ్బాయి	అతను నా కొడుకు.
4960751	1098762	eng	tel	Oh no! He fell down!	అయ్యో! పడిపోయాడా!	ఓహ్! అతను కింద పడిపోయాడు!
4960753	3534751	eng	tel	Are you guys doing well?	మీరు బాగున్నారా ?	మీరు అబ్బాయిలు బాగా చేస్తున్నారా?
4960755	3534751	eng	tel	Is everything going well with everyone?	మీరు బాగున్నారా ?	అందరితో అంతా బాగానే ఉందా?
4960757	1098665	eng	tel	Is it really true?!	ఎమిటీ! ఇది నిజమా?	ఇది నిజంగా నిజమేనా?
4960758	1098665	eng	tel	Are you for real?!	ఎమిటీ! ఇది నిజమా?	మీరు నిజమా?
4960759	1098676	eng	tel	Ramudu went to school.	రాముడు బడికి వచ్చాడు.	రాముడు స్కూల్ కి వెళ్లాడు.
4960767	1098741	eng	tel	Read this in the evening.	ఇది సయంత్రం చదువు.	సాయంత్రం ఇది చదవండి.
4960770	1098684	eng	tel	Have you completed your homework?	హోమ్‌వర్క్ చేశావా ?	మీరు మీ ఇంటి పనిని పూర్తి చేశారా?
4960772	1098684	eng	tel	Is your homework done?	హోమ్‌వర్క్ చేశావా ?	మీ హోంవర్క్ పూర్తయిందా?
4960774	1098684	eng	tel	Is your homework finished?	హోమ్‌వర్క్ చేశావా ?	మీ హోంవర్క్ పూర్తయిందా?
4999970	7207813	eng	tel	It's very valuable.	అది చాలా విలువైనది	ఇది చాలా విలువైనది.
5138127	7204209	eng	tel	Don't hesitate to ask me for help.	నన్ను సహాయం అడగడానికి ఏం సందేహ పడొద్దు	నన్ను సహాయం కోసం అడగడానికి వెనుకాడరు.
5165758	7216979	eng	tel	I do make mistakes.	నేనూ తప్పులు చేస్తాను	నేను తప్పులు చేస్తాను.
5228960	7204172	eng	tel	Yes, you can.	నువ్వు చేయగలవు	అవును, మీరు చేయవచ్చు.
5916155	7217032	eng	tel	You've arrived very early.	నువ్వు చాల త్వరగా వచ్చావు	మీరు చాలా త్వరగా వచ్చారు.
5937350	7204195	eng	tel	I'm usually the one who does that.	సాదారణంగా అది చేసేది నేనే	నేను సాధారణంగా అలా చేసేవాడిని.
5966163	7216969	eng	tel	The day is not over yet.	ఈ రోజు ఇంకా అయిపోలేదు	రోజు ఇంకా ముగియలేదు.
6040259	7204227	eng	tel	Are you prepared to do this?	ఇది చెయ్యడానికి సిద్దంగా వున్నావా	మీరు దీన్ని చేయడానికి సిద్ధంగా ఉన్నారా?
6066960	7204216	eng	tel	I suggest you do that.	నువ్వు అది చెయ్యమని నా సలహా	నేను మీకు సూచిస్తున్నాను.
6108882	7216854	eng	tel	I've never been to Japan.	నేనెప్పుడూ జపాన్ వెళ్ళలేదు	నేను జపాన్ కు ఎప్పుడూ వెళ్ళలేదు.
6199683	7207610	eng	tel	Why can't giraffes sing?	జిరాఫీలు ఎందుకు పాడలేవు ?	జిరాఫీలు ఎందుకు పాడలేవు?
6230461	9253792	eng	tel	Tom thought he might not be permitted to do that by himself.	టామ్ తనకు తాను చేయటానికి అనుమతించకపోవచ్చని అనుకున్నాడు.	టామ్ స్వయంగా అలా చేయటానికి అనుమతించబడకపోవచ్చు అనుకున్నాడు.
6289899	7207860	eng	tel	Yes?	అవునా ?	అవును?
6297909	7216846	eng	tel	Is this Chinese or Japanese? "It's Korean."	ఇది చైనీసా లేక జపనీసా ? ఇది కొరియన్	ఇది చైనీస్ లేదా జపనీస్? "ఇది కొరియా".
6343670	7207820	eng	tel	I wouldn't go there today if I were you.	నేను నువ్వైతే ఈరోజు అక్కడికి వెళ్ళను	నేను మీరు అయితే నేను ఈ రోజు అక్కడికి వెళ్ళను.
6374295	7207795	eng	tel	I think that won't help.	నేను అనుకునేది అది ఉపయోగపడదు	అది సహాయం చేయదని నేను అనుకుంటున్నాను.
6412898	7204087	eng	tel	Mary freaked out when she heard what Tom had done.	టామ్ చెసింది విని మేరీ విరుచుకుపడింది	టామ్ ఏమి చేశాడో ఆమె విన్నప్పుడు మేరీ విచిత్రంగా ఉంది.
6418842	7204089	eng	tel	Mary could've lied to you, but she didn't.	మేరీ నీకు అబద్దం చెప్పి వుండేది, కాని చెప్పలేదు	మేరీ మీకు అబద్దం చెప్పగలిగింది, కానీ ఆమె అలా చేయలేదు.
6432777	7204179	eng	tel	It's going to take all afternoon and maybe more.	మధ్యాహ్నం మొత్తం లేదా ఇంకా ఎక్కువ సమయం పట్టొచ్చు	ఇది మధ్యాహ్నం అంతా పడుతుంది మరియు మరింత కావచ్చు.
6633637	7207803	eng	tel	I'm hungry again.	నాకు మళ్ళా ఆకలి వేస్తుంది	నేను మళ్ళీ ఆకలితో ఉన్నాను.
6660932	7204141	eng	tel	I'm getting off at the next bus stop.	నేను వచ్చే స్టాపు లో దిగుతాను	నేను తదుపరి బస్ స్టాప్ వద్ద దిగుతున్నాను.
6666970	7207825	eng	tel	I don't know who won.	ఎవరు గెలిచారో నాకు తెలియదు	ఎవరు గెలిచారో నాకు తెలియదు.
6706177	7204221	eng	tel	I'm not allowed to do that here.	అది ఇక్కడ చెయ్యడానికి నాకు అనుమతి లేదు	ఇక్కడ చేయటానికి నాకు అనుమతి లేదు.
6734133	7216835	eng	tel	You are chubby.	నువ్వు బొద్దుగా వున్నావు	మీరు చబ్బీ.
6736524	7217039	eng	tel	They will sing a song.	వాళ్ళు ఒక పాట పాడతారు	వారు ఒక పాట పాడతారు.
6942429	7204152	eng	tel	Do you usually eat breakfast before seven?	నువ్వు మాములుగా ఏడు కు ముందే టిఫిన చెస్తావా?	మీరు సాధారణంగా ఏడు ముందు అల్పాహారం తింటున్నారా?
6958606	7216975	eng	tel	We did that deliberately.	మేము అది కావాలని చేశాం	మేము ఉద్దేశపూర్వకంగా చేసాము.
7000267	7216830	eng	tel	Killing two birds with one stone	ఒక్క దెబ్బకి రెండు పిట్టలు	ఒక రాయితో రెండు పక్షులను చంపడం
7114638	7207611	eng	tel	We haven't slept in days.	మేము రోజుల తరబడి నిద్రపోలేదు	మేము చాలా రోజుల్లో పడుకోలేదు.
7131947	9253775	eng	tel	Tom and I often chat on the bus.	టామ్ మరియు నేను తరచుగా బస్సులో ముచ్చటిస్తుంటాము.	టామ్ మరియు నేను తరచుగా బస్సులో చాట్ చేస్తాము.
7381983	9253737	eng	tel	Mary likes what she sees.	మేరీకి తాను చూసేది తనకి నచ్చుతుంది.	మేరీ చూసేదాన్ని ఇష్టపడతాడు.
7474423	9253679	eng	tel	They say they want to go home early.	వారు ఇంటికి త్వరగా వెళ్లాలని కోరుతున్నారు.	త్వరగా ఇంటికి వెళ్లాలని వారు అంటున్నారు.
8920035	9253685	eng	tel	Why do you want to come?	మీరు ఎందుకు రావాలనుకుంటున్నారు?	మీరు ఎందుకు రావాలనుకుంటున్నారు?
